file_number,temperature_K,pressure_bar,number_wave_pts,delta_wavenumber,start_wavenumber
1,75.0,1e-06,10921760,0.0035040143299999997,30.0
2,75.0,3e-06,10921760,0.0035040143299999997,30.0
3,75.0,1e-05,10921760,0.0035040143299999997,30.0
4,75.0,3e-05,10921760,0.0035040143299999997,30.0
5,75.0,0.0001,10921760,0.0035040143299999997,30.0
6,75.0,0.0003,10921760,0.0035040143299999997,30.0
7,75.0,0.001,10921760,0.0035040143299999997,30.0
8,75.0,0.003,10921760,0.0035040143299999997,30.0
9,75.0,0.01,10921760,0.0035040143299999997,30.0
10,75.0,0.03,10921760,0.0035040143299999997,30.0
11,75.0,0.1,9888321,0.00387022265,30.0
12,75.0,0.3,3296108,0.011610666770000002,30.0
13,75.0,1.0,988833,0.03870222647,30.0
14,75.0,3.0,329612,0.11610656198,30.0
15,75.0,10.0,98884,0.38702304744000005,30.0
16,75.0,30.0,76541,0.5,30.0
17,75.0,100.0,76541,0.5,30.0
18,75.0,300.0,76541,0.5,30.0
19,75.0,1000.0,76541,0.5,30.0
20,75.0,3000.0,76541,0.5,30.0
21,100.0,1e-06,9458522,0.004046087120000001,30.0
22,100.0,3e-06,9458522,0.004046087120000001,30.0
23,100.0,1e-05,9458522,0.004046087120000001,30.0
24,100.0,3e-05,9458522,0.004046087120000001,30.0
25,100.0,0.0001,9458522,0.004046087120000001,30.0
26,100.0,0.0003,9458522,0.004046087120000001,30.0
27,100.0,0.001,9458522,0.004046087120000001,30.0
28,100.0,0.003,9458522,0.004046087120000001,30.0
29,100.0,0.01,9458522,0.004046087120000001,30.0
30,100.0,0.03,9458522,0.004046087120000001,30.0
31,100.0,0.1,9458522,0.004046087120000001,30.0
32,100.0,0.3,4031424,0.00949292595,30.0
33,100.0,1.0,1209428,0.03164308387,30.0
34,100.0,3.0,403143,0.09492933011,30.0
35,100.0,10.0,120944,0.31643005383,30.0
36,100.0,30.0,76541,0.5,30.0
37,100.0,100.0,76541,0.5,30.0
38,100.0,300.0,76541,0.5,30.0
39,100.0,1000.0,76541,0.5,30.0
40,100.0,3000.0,76541,0.5,30.0
41,110.0,1e-06,9018347,0.0042435719399999995,30.0
42,110.0,3e-06,9018347,0.0042435719399999995,30.0
43,110.0,1e-05,9018347,0.0042435719399999995,30.0
44,110.0,3e-05,9018347,0.0042435719399999995,30.0
45,110.0,0.0001,9018347,0.0042435719399999995,30.0
46,110.0,0.0003,9018347,0.0042435719399999995,30.0
47,110.0,0.001,9018347,0.0042435719399999995,30.0
48,110.0,0.003,9018347,0.0042435719399999995,30.0
49,110.0,0.01,9018347,0.0042435719399999995,30.0
50,110.0,0.03,9018347,0.0042435719399999995,30.0
51,110.0,0.1,9018347,0.0042435719399999995,30.0
52,110.0,0.3,4309564,0.00888025074,30.0
53,110.0,1.0,1292870,0.0296008335,30.0
54,110.0,3.0,430957,0.08880256917000001,30.0
55,110.0,10.0,129288,0.296008106,30.0
56,110.0,30.0,76541,0.5,30.0
57,110.0,100.0,76541,0.5,30.0
58,110.0,300.0,76541,0.5,30.0
59,110.0,1000.0,76541,0.5,30.0
60,110.0,3000.0,76541,0.5,30.0
61,120.0,1e-06,8634410,0.0044322663,30.0
62,120.0,3e-06,8634410,0.0044322663,30.0
63,120.0,1e-05,8634410,0.0044322663,30.0
64,120.0,3e-05,8634410,0.0044322663,30.0
65,120.0,0.0001,8634410,0.0044322663,30.0
66,120.0,0.0003,8634410,0.0044322663,30.0
67,120.0,0.001,8634410,0.0044322663,30.0
68,120.0,0.003,8634410,0.0044322663,30.0
69,120.0,0.01,8634410,0.0044322663,30.0
70,120.0,0.03,8634410,0.0044322663,30.0
71,120.0,0.1,8634410,0.0044322663,30.0
72,120.0,0.3,4580209,0.00835551573,30.0
73,120.0,1.0,1374064,0.02785170695,30.0
74,120.0,3.0,458022,0.08355512084,30.0
75,120.0,10.0,137407,0.27851767754,30.0
76,120.0,30.0,76541,0.5,30.0
77,120.0,100.0,76541,0.5,30.0
78,120.0,300.0,76541,0.5,30.0
79,120.0,1000.0,76541,0.5,30.0
80,120.0,3000.0,76541,0.5,30.0
81,130.0,1e-06,8295673,0.00461324893,30.0
82,130.0,3e-06,8295673,0.00461324893,30.0
83,130.0,1e-05,8295673,0.00461324893,30.0
84,130.0,3e-05,8295673,0.00461324893,30.0
85,130.0,0.0001,8295673,0.00461324893,30.0
86,130.0,0.0003,8295673,0.00461324893,30.0
87,130.0,0.001,8295673,0.00461324893,30.0
88,130.0,0.003,8295673,0.00461324893,30.0
89,130.0,0.01,8295673,0.00461324893,30.0
90,130.0,0.03,8295673,0.00461324893,30.0
91,130.0,0.1,8295673,0.00461324893,30.0
92,130.0,0.3,4844164,0.007900229620000001,30.0
93,130.0,1.0,1453250,0.02633409691,30.0
94,130.0,3.0,484417,0.07900234509,30.0
95,130.0,10.0,145326,0.26334078789,30.0
96,130.0,30.0,76541,0.5,30.0
97,130.0,100.0,76541,0.5,30.0
98,130.0,300.0,76541,0.5,30.0
99,130.0,1000.0,76541,0.5,30.0
100,130.0,3000.0,76541,0.5,30.0
101,140.0,1e-06,7993910,0.004787395,30.0
102,140.0,3e-06,7993910,0.004787395,30.0
103,140.0,1e-05,7993910,0.004787395,30.0
104,140.0,3e-05,7993910,0.004787395,30.0
105,140.0,0.0001,7993910,0.004787395,30.0
106,140.0,0.0003,7993910,0.004787395,30.0
107,140.0,0.001,7993910,0.004787395,30.0
108,140.0,0.003,7993910,0.004787395,30.0
109,140.0,0.01,7993910,0.004787395,30.0
110,140.0,0.03,7993910,0.004787395,30.0
111,140.0,0.1,7993910,0.004787395,30.0
112,140.0,0.3,5102090,0.00750084916,30.0
113,140.0,1.0,1530628,0.025002825640000004,30.0
114,140.0,3.0,510210,0.07500847692000001,30.0
115,140.0,10.0,153064,0.25002776634,30.0
116,140.0,30.0,76541,0.5,30.0
117,140.0,100.0,76541,0.5,30.0
118,140.0,300.0,76541,0.5,30.0
119,140.0,1000.0,76541,0.5,30.0
120,140.0,3000.0,76541,0.5,30.0
121,150.0,1e-06,7722851,0.00495542449,30.0
122,150.0,3e-06,7722851,0.00495542449,30.0
123,150.0,1e-05,7722851,0.00495542449,30.0
124,150.0,3e-05,7722851,0.00495542449,30.0
125,150.0,0.0001,7722851,0.00495542449,30.0
126,150.0,0.0003,7722851,0.00495542449,30.0
127,150.0,0.001,7722851,0.00495542449,30.0
128,150.0,0.003,7722851,0.00495542449,30.0
129,150.0,0.01,7722851,0.00495542449,30.0
130,150.0,0.03,7722851,0.00495542449,30.0
131,150.0,0.1,7722851,0.00495542449,30.0
132,150.0,0.3,5354542,0.00714720459,30.0
133,150.0,1.0,1606363,0.02382401974,30.0
134,150.0,3.0,535455,0.07147205922000001,30.0
135,150.0,10.0,160637,0.23824049404,30.0
136,150.0,30.0,76541,0.5,30.0
137,150.0,100.0,76541,0.5,30.0
138,150.0,300.0,76541,0.5,30.0
139,150.0,1000.0,76541,0.5,30.0
140,150.0,3000.0,76541,0.5,30.0
141,160.0,1e-06,7477618,0.00511794065,30.0
142,160.0,3e-06,7477618,0.00511794065,30.0
143,160.0,1e-05,7477618,0.00511794065,30.0
144,160.0,3e-05,7477618,0.00511794065,30.0
145,160.0,0.0001,7477618,0.00511794065,30.0
146,160.0,0.0003,7477618,0.00511794065,30.0
147,160.0,0.001,7477618,0.00511794065,30.0
148,160.0,0.003,7477618,0.00511794065,30.0
149,160.0,0.01,7477618,0.00511794065,30.0
150,160.0,0.03,7477618,0.00511794065,30.0
151,160.0,0.1,7477618,0.00511794065,30.0
152,160.0,0.3,5601991,0.00683150095,30.0
153,160.0,1.0,1680598,0.02277166983,30.0
154,160.0,3.0,560200,0.06831500949,30.0
155,160.0,10.0,168061,0.2277162918,30.0
156,160.0,30.0,76541,0.5,30.0
157,160.0,100.0,76541,0.5,30.0
158,160.0,300.0,76541,0.5,30.0
159,160.0,1000.0,76541,0.5,30.0
160,160.0,3000.0,76541,0.5,30.0
161,170.0,1e-06,7254355,0.0052754525100000005,30.0
162,170.0,3e-06,7254355,0.0052754525100000005,30.0
163,170.0,1e-05,7254355,0.0052754525100000005,30.0
164,170.0,3e-05,7254355,0.0052754525100000005,30.0
165,170.0,0.0001,7254355,0.0052754525100000005,30.0
166,170.0,0.0003,7254355,0.0052754525100000005,30.0
167,170.0,0.001,7254355,0.0052754525100000005,30.0
168,170.0,0.003,7254355,0.0052754525100000005,30.0
169,170.0,0.01,7254355,0.0052754525100000005,30.0
170,170.0,0.03,7254355,0.0052754525100000005,30.0
171,170.0,0.1,7254355,0.0052754525100000005,30.0
172,170.0,0.3,5844841,0.00654765571,30.0
173,170.0,1.0,1753453,0.02182551903,30.0
174,170.0,3.0,584485,0.0654765571,30.0
175,170.0,10.0,175346,0.21825543928000002,30.0
176,170.0,30.0,76541,0.5,30.0
177,170.0,100.0,76541,0.5,30.0
178,170.0,300.0,76541,0.5,30.0
179,170.0,1000.0,76541,0.5,30.0
180,170.0,3000.0,76541,0.5,30.0
181,180.0,1e-06,7049966,0.0054283957400000004,30.0
182,180.0,3e-06,7049966,0.0054283957400000004,30.0
183,180.0,1e-05,7049966,0.0054283957400000004,30.0
184,180.0,3e-05,7049966,0.0054283957400000004,30.0
185,180.0,0.0001,7049966,0.0054283957400000004,30.0
186,180.0,0.0003,7049966,0.0054283957400000004,30.0
187,180.0,0.001,7049966,0.0054283957400000004,30.0
188,180.0,0.003,7049966,0.0054283957400000004,30.0
189,180.0,0.01,7049966,0.0054283957400000004,30.0
190,180.0,0.03,7049966,0.0054283957400000004,30.0
191,180.0,0.1,7049966,0.0054283957400000004,30.0
192,180.0,0.3,6083439,0.0062908506700000005,30.0
193,180.0,1.0,1825033,0.02096949533,30.0
194,180.0,3.0,608345,0.06290848599,30.0
195,180.0,10.0,182504,0.20969518309000001,30.0
196,180.0,30.0,76541,0.5,30.0
197,180.0,100.0,76541,0.5,30.0
198,180.0,300.0,76541,0.5,30.0
199,180.0,1000.0,76541,0.5,30.0
200,180.0,3000.0,76541,0.5,30.0
201,190.0,1e-06,6861933,0.00557714649,30.0
202,190.0,3e-06,6861933,0.00557714649,30.0
203,190.0,1e-05,6861933,0.00557714649,30.0
204,190.0,3e-05,6861933,0.00557714649,30.0
205,190.0,0.0001,6861933,0.00557714649,30.0
206,190.0,0.0003,6861933,0.00557714649,30.0
207,190.0,0.001,6861933,0.00557714649,30.0
208,190.0,0.003,6861933,0.00557714649,30.0
209,190.0,0.01,6861933,0.00557714649,30.0
210,190.0,0.03,6861933,0.00557714649,30.0
211,190.0,0.1,6861933,0.00557714649,30.0
212,190.0,0.3,6318092,0.00605720937,30.0
213,190.0,1.0,1895428,0.020190701090000002,30.0
214,190.0,3.0,631810,0.06057210328,30.0
215,190.0,10.0,189544,0.20190669136,30.0
216,190.0,30.0,76541,0.5,30.0
217,190.0,100.0,76541,0.5,30.0
218,190.0,300.0,76541,0.5,30.0
219,190.0,1000.0,76541,0.5,30.0
220,190.0,3000.0,76541,0.5,30.0
221,200.0,1e-06,6688185,0.00572203157,30.0
222,200.0,3e-06,6688185,0.00572203157,30.0
223,200.0,1e-05,6688185,0.00572203157,30.0
224,200.0,3e-05,6688185,0.00572203157,30.0
225,200.0,0.0001,6688185,0.00572203157,30.0
226,200.0,0.0003,6688185,0.00572203157,30.0
227,200.0,0.001,6688185,0.00572203157,30.0
228,200.0,0.003,6688185,0.00572203157,30.0
229,200.0,0.01,6688185,0.00572203157,30.0
230,200.0,0.03,6688185,0.00572203157,30.0
231,200.0,0.1,6688185,0.00572203157,30.0
232,200.0,0.3,6549067,0.005843581360000001,30.0
233,200.0,1.0,1964721,0.019478602549999998,30.0
234,200.0,3.0,654908,0.0584357779,30.0
235,200.0,10.0,196473,0.19478602549000001,30.0
236,200.0,30.0,76541,0.5,30.0
237,200.0,100.0,76541,0.5,30.0
238,200.0,300.0,76541,0.5,30.0
239,200.0,1000.0,76541,0.5,30.0
240,200.0,3000.0,76541,0.5,30.0
241,210.0,1e-06,6527000,0.00586333781,30.0
242,210.0,3e-06,6527000,0.00586333781,30.0
243,210.0,1e-05,6527000,0.00586333781,30.0
244,210.0,3e-05,6527000,0.00586333781,30.0
245,210.0,0.0001,6527000,0.00586333781,30.0
246,210.0,0.0003,6527000,0.00586333781,30.0
247,210.0,0.001,6527000,0.00586333781,30.0
248,210.0,0.003,6527000,0.00586333781,30.0
249,210.0,0.01,6527000,0.00586333781,30.0
250,210.0,0.03,6527000,0.00586333781,30.0
251,210.0,0.1,6527000,0.00586333781,30.0
252,210.0,0.3,6527000,0.00586333781,30.0
253,210.0,1.0,2032981,0.01882458263,30.0
254,210.0,3.0,677661,0.0564737479,30.0
255,210.0,10.0,203299,0.18824582632,30.0
256,210.0,30.0,76541,0.5,30.0
257,210.0,100.0,76541,0.5,30.0
258,210.0,300.0,76541,0.5,30.0
259,210.0,1000.0,76541,0.5,30.0
260,210.0,3000.0,76541,0.5,30.0
261,220.0,1e-06,6376934,0.00600131756,30.0
262,220.0,3e-06,6376934,0.00600131756,30.0
263,220.0,1e-05,6376934,0.00600131756,30.0
264,220.0,3e-05,6376934,0.00600131756,30.0
265,220.0,0.0001,6376934,0.00600131756,30.0
266,220.0,0.0003,6376934,0.00600131756,30.0
267,220.0,0.001,6376934,0.00600131756,30.0
268,220.0,0.003,6376934,0.00600131756,30.0
269,220.0,0.01,6376934,0.00600131756,30.0
270,220.0,0.03,6376934,0.00600131756,30.0
271,220.0,0.1,6376934,0.00600131756,30.0
272,220.0,0.3,6376934,0.00600131756,30.0
273,220.0,1.0,2100273,0.01822144941,30.0
274,220.0,3.0,700092,0.05466432221,30.0
275,220.0,10.0,210028,0.18221466764000002,30.0
276,220.0,30.0,76541,0.5,30.0
277,220.0,100.0,76541,0.5,30.0
278,220.0,300.0,76541,0.5,30.0
279,220.0,1000.0,76541,0.5,30.0
280,220.0,3000.0,76541,0.5,30.0
281,230.0,1e-06,6236765,0.00613619499,30.0
282,230.0,3e-06,6236765,0.00613619499,30.0
283,230.0,1e-05,6236765,0.00613619499,30.0
284,230.0,3e-05,6236765,0.00613619499,30.0
285,230.0,0.0001,6236765,0.00613619499,30.0
286,230.0,0.0003,6236765,0.00613619499,30.0
287,230.0,0.001,6236765,0.00613619499,30.0
288,230.0,0.003,6236765,0.00613619499,30.0
289,230.0,0.01,6236765,0.00613619499,30.0
290,230.0,0.03,6236765,0.00613619499,30.0
291,230.0,0.1,6236765,0.00613619499,30.0
292,230.0,0.3,6236765,0.00613619499,30.0
293,230.0,1.0,2166653,0.01766319649,30.0
294,230.0,3.0,722218,0.05298961392,30.0
295,230.0,10.0,216666,0.17663212794,30.0
296,230.0,30.0,76541,0.5,30.0
297,230.0,100.0,76541,0.5,30.0
298,230.0,300.0,76541,0.5,30.0
299,230.0,1000.0,76541,0.5,30.0
300,230.0,3000.0,76541,0.5,30.0
301,240.0,1e-06,6105450,0.00626817127,30.0
302,240.0,3e-06,6105450,0.00626817127,30.0
303,240.0,1e-05,6105450,0.00626817127,30.0
304,240.0,3e-05,6105450,0.00626817127,30.0
305,240.0,0.0001,6105450,0.00626817127,30.0
306,240.0,0.0003,6105450,0.00626817127,30.0
307,240.0,0.001,6105450,0.00626817127,30.0
308,240.0,0.003,6105450,0.00626817127,30.0
309,240.0,0.01,6105450,0.00626817127,30.0
310,240.0,0.03,6105450,0.00626817127,30.0
311,240.0,0.1,6105450,0.00626817127,30.0
312,240.0,0.3,6105450,0.00626817127,30.0
313,240.0,1.0,2232172,0.01714474384,30.0
314,240.0,3.0,744058,0.05143423152,30.0
315,240.0,10.0,223218,0.17144751519999998,30.0
316,240.0,30.0,76541,0.5,30.0
317,240.0,100.0,76541,0.5,30.0
318,240.0,300.0,76541,0.5,30.0
319,240.0,1000.0,76541,0.5,30.0
320,240.0,3000.0,76541,0.5,30.0
321,250.0,1e-06,5982095,0.006397425379999999,30.0
322,250.0,3e-06,5982095,0.006397425379999999,30.0
323,250.0,1e-05,5982095,0.006397425379999999,30.0
324,250.0,3e-05,5982095,0.006397425379999999,30.0
325,250.0,0.0001,5982095,0.006397425379999999,30.0
326,250.0,0.0003,5982095,0.006397425379999999,30.0
327,250.0,0.001,5982095,0.006397425379999999,30.0
328,250.0,0.003,5982095,0.006397425379999999,30.0
329,250.0,0.01,5982095,0.006397425379999999,30.0
330,250.0,0.03,5982095,0.006397425379999999,30.0
331,250.0,0.1,5982095,0.006397425379999999,30.0
332,250.0,0.3,5982095,0.006397425379999999,30.0
333,250.0,1.0,2296877,0.01666176145,30.0
334,250.0,3.0,765626,0.049985306119999996,30.0
335,250.0,10.0,229689,0.16661732437000001,30.0
336,250.0,30.0,76564,0.4998497969,30.0
337,250.0,100.0,76541,0.5,30.0
338,250.0,300.0,76541,0.5,30.0
339,250.0,1000.0,76541,0.5,30.0
340,250.0,3000.0,76541,0.5,30.0
341,260.0,1e-06,5982095,0.006397425379999999,30.0
342,260.0,3e-06,5982095,0.006397425379999999,30.0
343,260.0,1e-05,5982095,0.006397425379999999,30.0
344,260.0,3e-05,5982095,0.006397425379999999,30.0
345,260.0,0.0001,5982095,0.006397425379999999,30.0
346,260.0,0.0003,5982095,0.006397425379999999,30.0
347,260.0,0.001,5982095,0.006397425379999999,30.0
348,260.0,0.003,5982095,0.006397425379999999,30.0
349,260.0,0.01,5982095,0.006397425379999999,30.0
350,260.0,0.03,5982095,0.006397425379999999,30.0
351,260.0,0.1,5982095,0.006397425379999999,30.0
352,260.0,0.3,5982095,0.006397425379999999,30.0
353,260.0,1.0,2296877,0.01666176145,30.0
354,260.0,3.0,765626,0.049985306119999996,30.0
355,260.0,10.0,229689,0.16661732437000001,30.0
356,260.0,30.0,76564,0.4998497969,30.0
357,260.0,100.0,76541,0.5,30.0
358,260.0,300.0,76541,0.5,30.0
359,260.0,1000.0,76541,0.5,30.0
360,260.0,3000.0,76541,0.5,30.0
361,270.0,1e-06,5982095,0.006397425379999999,30.0
362,270.0,3e-06,5982095,0.006397425379999999,30.0
363,270.0,1e-05,5982095,0.006397425379999999,30.0
364,270.0,3e-05,5982095,0.006397425379999999,30.0
365,270.0,0.0001,5982095,0.006397425379999999,30.0
366,270.0,0.0003,5982095,0.006397425379999999,30.0
367,270.0,0.001,5982095,0.006397425379999999,30.0
368,270.0,0.003,5982095,0.006397425379999999,30.0
369,270.0,0.01,5982095,0.006397425379999999,30.0
370,270.0,0.03,5982095,0.006397425379999999,30.0
371,270.0,0.1,5982095,0.006397425379999999,30.0
372,270.0,0.3,5982095,0.006397425379999999,30.0
373,270.0,1.0,2296877,0.01666176145,30.0
374,270.0,3.0,765626,0.049985306119999996,30.0
375,270.0,10.0,229689,0.16661732437000001,30.0
376,270.0,30.0,76564,0.4998497969,30.0
377,270.0,100.0,76541,0.5,30.0
378,270.0,300.0,76541,0.5,30.0
379,270.0,1000.0,76541,0.5,30.0
380,270.0,3000.0,76541,0.5,30.0
381,275.0,1e-06,5703704,0.00670967615,30.0
382,275.0,3e-06,5703704,0.00670967615,30.0
383,275.0,1e-05,5703704,0.00670967615,30.0
384,275.0,3e-05,5703704,0.00670967615,30.0
385,275.0,0.0001,5703704,0.00670967615,30.0
386,275.0,0.0003,5703704,0.00670967615,30.0
387,275.0,0.001,5703704,0.00670967615,30.0
388,275.0,0.003,5703704,0.00670967615,30.0
389,275.0,0.01,5703704,0.00670967615,30.0
390,275.0,0.03,5703704,0.00670967615,30.0
391,275.0,0.1,5703704,0.00670967615,30.0
392,275.0,0.3,5703704,0.00670967615,30.0
393,275.0,1.0,2455346,0.015586404350000001,30.0
394,275.0,3.0,818449,0.04675923211,30.0
395,275.0,10.0,245535,0.15586436094,30.0
396,275.0,30.0,81846,0.46759117845,30.0
397,275.0,100.0,76541,0.5,30.0
398,275.0,300.0,76541,0.5,30.0
399,275.0,1000.0,76541,0.5,30.0
400,275.0,3000.0,76541,0.5,30.0
401,280.0,1e-06,5703704,0.00670967615,30.0
402,280.0,3e-06,5703704,0.00670967615,30.0
403,280.0,1e-05,5703704,0.00670967615,30.0
404,280.0,3e-05,5703704,0.00670967615,30.0
405,280.0,0.0001,5703704,0.00670967615,30.0
406,280.0,0.0003,5703704,0.00670967615,30.0
407,280.0,0.001,5703704,0.00670967615,30.0
408,280.0,0.003,5703704,0.00670967615,30.0
409,280.0,0.01,5703704,0.00670967615,30.0
410,280.0,0.03,5703704,0.00670967615,30.0
411,280.0,0.1,5703704,0.00670967615,30.0
412,280.0,0.3,5703704,0.00670967615,30.0
413,280.0,1.0,2455346,0.015586404350000001,30.0
414,280.0,3.0,818449,0.04675923211,30.0
415,280.0,10.0,245535,0.15586436094,30.0
416,280.0,30.0,81846,0.46759117845,30.0
417,280.0,100.0,76541,0.5,30.0
418,280.0,300.0,76541,0.5,30.0
419,280.0,1000.0,76541,0.5,30.0
420,280.0,3000.0,76541,0.5,30.0
421,290.0,1e-06,5703704,0.00670967615,30.0
422,290.0,3e-06,5703704,0.00670967615,30.0
423,290.0,1e-05,5703704,0.00670967615,30.0
424,290.0,3e-05,5703704,0.00670967615,30.0
425,290.0,0.0001,5703704,0.00670967615,30.0
426,290.0,0.0003,5703704,0.00670967615,30.0
427,290.0,0.001,5703704,0.00670967615,30.0
428,290.0,0.003,5703704,0.00670967615,30.0
429,290.0,0.01,5703704,0.00670967615,30.0
430,290.0,0.03,5703704,0.00670967615,30.0
431,290.0,0.1,5703704,0.00670967615,30.0
432,290.0,0.3,5703704,0.00670967615,30.0
433,290.0,1.0,2455346,0.015586404350000001,30.0
434,290.0,3.0,818449,0.04675923211,30.0
435,290.0,10.0,245535,0.15586436094,30.0
436,290.0,30.0,81846,0.46759117845,30.0
437,290.0,100.0,76541,0.5,30.0
438,290.0,300.0,76541,0.5,30.0
439,290.0,1000.0,76541,0.5,30.0
440,290.0,3000.0,76541,0.5,30.0
441,300.0,1e-06,5460881,0.0070080280099999994,30.0
442,300.0,3e-06,5460881,0.0070080280099999994,30.0
443,300.0,1e-05,5460881,0.0070080280099999994,30.0
444,300.0,3e-05,5460881,0.0070080280099999994,30.0
445,300.0,0.0001,5460881,0.0070080280099999994,30.0
446,300.0,0.0003,5460881,0.0070080280099999994,30.0
447,300.0,0.001,5460881,0.0070080280099999994,30.0
448,300.0,0.003,5460881,0.0070080280099999994,30.0
449,300.0,0.01,5460881,0.0070080280099999994,30.0
450,300.0,0.03,5460881,0.0070080280099999994,30.0
451,300.0,0.1,5460881,0.0070080280099999994,30.0
452,300.0,0.3,5460881,0.0070080280099999994,30.0
453,300.0,1.0,2609544,0.0146654031,30.0
454,300.0,3.0,869849,0.04399619244,30.0
455,300.0,10.0,260955,0.14665419959,30.0
456,300.0,30.0,86986,0.4399609128,30.0
457,300.0,100.0,76541,0.5,30.0
458,300.0,300.0,76541,0.5,30.0
459,300.0,1000.0,76541,0.5,30.0
460,300.0,3000.0,76541,0.5,30.0
461,310.0,1e-06,5460881,0.0070080280099999994,30.0
462,310.0,3e-06,5460881,0.0070080280099999994,30.0
463,310.0,1e-05,5460881,0.0070080280099999994,30.0
464,310.0,3e-05,5460881,0.0070080280099999994,30.0
465,310.0,0.0001,5460881,0.0070080280099999994,30.0
466,310.0,0.0003,5460881,0.0070080280099999994,30.0
467,310.0,0.001,5460881,0.0070080280099999994,30.0
468,310.0,0.003,5460881,0.0070080280099999994,30.0
469,310.0,0.01,5460881,0.0070080280099999994,30.0
470,310.0,0.03,5460881,0.0070080280099999994,30.0
471,310.0,0.1,5460881,0.0070080280099999994,30.0
472,310.0,0.3,5460881,0.0070080280099999994,30.0
473,310.0,1.0,2609544,0.0146654031,30.0
474,310.0,3.0,869849,0.04399619244,30.0
475,310.0,10.0,260955,0.14665419959,30.0
476,310.0,30.0,86986,0.4399609128,30.0
477,310.0,100.0,76541,0.5,30.0
478,310.0,300.0,76541,0.5,30.0
479,310.0,1000.0,76541,0.5,30.0
480,310.0,3000.0,76541,0.5,30.0
481,320.0,1e-06,5460881,0.0070080280099999994,30.0
482,320.0,3e-06,5460881,0.0070080280099999994,30.0
483,320.0,1e-05,5460881,0.0070080280099999994,30.0
484,320.0,3e-05,5460881,0.0070080280099999994,30.0
485,320.0,0.0001,5460881,0.0070080280099999994,30.0
486,320.0,0.0003,5460881,0.0070080280099999994,30.0
487,320.0,0.001,5460881,0.0070080280099999994,30.0
488,320.0,0.003,5460881,0.0070080280099999994,30.0
489,320.0,0.01,5460881,0.0070080280099999994,30.0
490,320.0,0.03,5460881,0.0070080280099999994,30.0
491,320.0,0.1,5460881,0.0070080280099999994,30.0
492,320.0,0.3,5460881,0.0070080280099999994,30.0
493,320.0,1.0,2609544,0.0146654031,30.0
494,320.0,3.0,869849,0.04399619244,30.0
495,320.0,10.0,260955,0.14665419959,30.0
496,320.0,30.0,86986,0.4399609128,30.0
497,320.0,100.0,76541,0.5,30.0
498,320.0,300.0,76541,0.5,30.0
499,320.0,1000.0,76541,0.5,30.0
500,320.0,3000.0,76541,0.5,30.0
501,330.0,1e-06,5460881,0.0070080280099999994,30.0
502,330.0,3e-06,5460881,0.0070080280099999994,30.0
503,330.0,1e-05,5460881,0.0070080280099999994,30.0
504,330.0,3e-05,5460881,0.0070080280099999994,30.0
505,330.0,0.0001,5460881,0.0070080280099999994,30.0
506,330.0,0.0003,5460881,0.0070080280099999994,30.0
507,330.0,0.001,5460881,0.0070080280099999994,30.0
508,330.0,0.003,5460881,0.0070080280099999994,30.0
509,330.0,0.01,5460881,0.0070080280099999994,30.0
510,330.0,0.03,5460881,0.0070080280099999994,30.0
511,330.0,0.1,5460881,0.0070080280099999994,30.0
512,330.0,0.3,5460881,0.0070080280099999994,30.0
513,330.0,1.0,2609544,0.0146654031,30.0
514,330.0,3.0,869849,0.04399619244,30.0
515,330.0,10.0,260955,0.14665419959,30.0
516,330.0,30.0,86986,0.4399609128,30.0
517,330.0,100.0,76541,0.5,30.0
518,330.0,300.0,76541,0.5,30.0
519,330.0,1000.0,76541,0.5,30.0
520,330.0,3000.0,76541,0.5,30.0
521,340.0,1e-06,5460881,0.0070080280099999994,30.0
522,340.0,3e-06,5460881,0.0070080280099999994,30.0
523,340.0,1e-05,5460881,0.0070080280099999994,30.0
524,340.0,3e-05,5460881,0.0070080280099999994,30.0
525,340.0,0.0001,5460881,0.0070080280099999994,30.0
526,340.0,0.0003,5460881,0.0070080280099999994,30.0
527,340.0,0.001,5460881,0.0070080280099999994,30.0
528,340.0,0.003,5460881,0.0070080280099999994,30.0
529,340.0,0.01,5460881,0.0070080280099999994,30.0
530,340.0,0.03,5460881,0.0070080280099999994,30.0
531,340.0,0.1,5460881,0.0070080280099999994,30.0
532,340.0,0.3,5460881,0.0070080280099999994,30.0
533,340.0,1.0,2609544,0.0146654031,30.0
534,340.0,3.0,869849,0.04399619244,30.0
535,340.0,10.0,260955,0.14665419959,30.0
536,340.0,30.0,86986,0.4399609128,30.0
537,340.0,100.0,76541,0.5,30.0
538,340.0,300.0,76541,0.5,30.0
539,340.0,1000.0,76541,0.5,30.0
540,340.0,3000.0,76541,0.5,30.0
541,350.0,1e-06,5460881,0.0070080280099999994,30.0
542,350.0,3e-06,5460881,0.0070080280099999994,30.0
543,350.0,1e-05,5460881,0.0070080280099999994,30.0
544,350.0,3e-05,5460881,0.0070080280099999994,30.0
545,350.0,0.0001,5460881,0.0070080280099999994,30.0
546,350.0,0.0003,5460881,0.0070080280099999994,30.0
547,350.0,0.001,5460881,0.0070080280099999994,30.0
548,350.0,0.003,5460881,0.0070080280099999994,30.0
549,350.0,0.01,5460881,0.0070080280099999994,30.0
550,350.0,0.03,5460881,0.0070080280099999994,30.0
551,350.0,0.1,5460881,0.0070080280099999994,30.0
552,350.0,0.3,5460881,0.0070080280099999994,30.0
553,350.0,1.0,2609544,0.0146654031,30.0
554,350.0,3.0,869849,0.04399619244,30.0
555,350.0,10.0,260955,0.14665419959,30.0
556,350.0,30.0,86986,0.4399609128,30.0
557,350.0,100.0,76541,0.5,30.0
558,350.0,300.0,76541,0.5,30.0
559,350.0,1000.0,76541,0.5,30.0
560,350.0,3000.0,76541,0.5,30.0
561,375.0,1e-06,5460881,0.0070080280099999994,30.0
562,375.0,3e-06,5460881,0.0070080280099999994,30.0
563,375.0,1e-05,5460881,0.0070080280099999994,30.0
564,375.0,3e-05,5460881,0.0070080280099999994,30.0
565,375.0,0.0001,5460881,0.0070080280099999994,30.0
566,375.0,0.0003,5460881,0.0070080280099999994,30.0
567,375.0,0.001,5460881,0.0070080280099999994,30.0
568,375.0,0.003,5460881,0.0070080280099999994,30.0
569,375.0,0.01,5460881,0.0070080280099999994,30.0
570,375.0,0.03,5460881,0.0070080280099999994,30.0
571,375.0,0.1,5460881,0.0070080280099999994,30.0
572,375.0,0.3,5460881,0.0070080280099999994,30.0
573,375.0,1.0,2609544,0.0146654031,30.0
574,375.0,3.0,869849,0.04399619244,30.0
575,375.0,10.0,260955,0.14665419959,30.0
576,375.0,30.0,86986,0.4399609128,30.0
577,375.0,100.0,76541,0.5,30.0
578,375.0,300.0,76541,0.5,30.0
579,375.0,1000.0,76541,0.5,30.0
580,375.0,3000.0,76541,0.5,30.0
581,400.0,1e-06,4729261,0.0080921751,30.0
582,400.0,3e-06,4729261,0.0080921751,30.0
583,400.0,1e-05,4729261,0.0080921751,30.0
584,400.0,3e-05,4729261,0.0080921751,30.0
585,400.0,0.0001,4729261,0.0080921751,30.0
586,400.0,0.0003,4729261,0.0080921751,30.0
587,400.0,0.001,4729261,0.0080921751,30.0
588,400.0,0.003,4729261,0.0080921751,30.0
589,400.0,0.01,4729261,0.0080921751,30.0
590,400.0,0.03,4729261,0.0080921751,30.0
591,400.0,0.1,4729261,0.0080921751,30.0
592,400.0,0.3,4729261,0.0080921751,30.0
593,400.0,1.0,3191698,0.011990486570000002,30.0
594,400.0,3.0,1063900,0.0359714597,30.0
595,400.0,10.0,319171,0.11990475295,30.0
596,400.0,30.0,106391,0.35971425886,30.0
597,400.0,100.0,76541,0.5,30.0
598,400.0,300.0,76541,0.5,30.0
599,400.0,1000.0,76541,0.5,30.0
600,400.0,3000.0,76541,0.5,30.0
601,425.0,1e-06,4729261,0.0080921751,30.0
602,425.0,3e-06,4729261,0.0080921751,30.0
603,425.0,1e-05,4729261,0.0080921751,30.0
604,425.0,3e-05,4729261,0.0080921751,30.0
605,425.0,0.0001,4729261,0.0080921751,30.0
606,425.0,0.0003,4729261,0.0080921751,30.0
607,425.0,0.001,4729261,0.0080921751,30.0
608,425.0,0.003,4729261,0.0080921751,30.0
609,425.0,0.01,4729261,0.0080921751,30.0
610,425.0,0.03,4729261,0.0080921751,30.0
611,425.0,0.1,4729261,0.0080921751,30.0
612,425.0,0.3,4729261,0.0080921751,30.0
613,425.0,1.0,3191698,0.011990486570000002,30.0
614,425.0,3.0,1063900,0.0359714597,30.0
615,425.0,10.0,319171,0.11990475295,30.0
616,425.0,30.0,106391,0.35971425886,30.0
617,425.0,100.0,76541,0.5,30.0
618,425.0,300.0,76541,0.5,30.0
619,425.0,1000.0,76541,0.5,30.0
620,425.0,3000.0,76541,0.5,30.0
621,450.0,1e-06,4729261,0.0080921751,30.0
622,450.0,3e-06,4729261,0.0080921751,30.0
623,450.0,1e-05,4729261,0.0080921751,30.0
624,450.0,3e-05,4729261,0.0080921751,30.0
625,450.0,0.0001,4729261,0.0080921751,30.0
626,450.0,0.0003,4729261,0.0080921751,30.0
627,450.0,0.001,4729261,0.0080921751,30.0
628,450.0,0.003,4729261,0.0080921751,30.0
629,450.0,0.01,4729261,0.0080921751,30.0
630,450.0,0.03,4729261,0.0080921751,30.0
631,450.0,0.1,4729261,0.0080921751,30.0
632,450.0,0.3,4729261,0.0080921751,30.0
633,450.0,1.0,3191698,0.011990486570000002,30.0
634,450.0,3.0,1063900,0.0359714597,30.0
635,450.0,10.0,319171,0.11990475295,30.0
636,450.0,30.0,106391,0.35971425886,30.0
637,450.0,100.0,76541,0.5,30.0
638,450.0,300.0,76541,0.5,30.0
639,450.0,1000.0,76541,0.5,30.0
640,450.0,3000.0,76541,0.5,30.0
641,475.0,1e-06,4729261,0.0080921751,30.0
642,475.0,3e-06,4729261,0.0080921751,30.0
643,475.0,1e-05,4729261,0.0080921751,30.0
644,475.0,3e-05,4729261,0.0080921751,30.0
645,475.0,0.0001,4729261,0.0080921751,30.0
646,475.0,0.0003,4729261,0.0080921751,30.0
647,475.0,0.001,4729261,0.0080921751,30.0
648,475.0,0.003,4729261,0.0080921751,30.0
649,475.0,0.01,4729261,0.0080921751,30.0
650,475.0,0.03,4729261,0.0080921751,30.0
651,475.0,0.1,4729261,0.0080921751,30.0
652,475.0,0.3,4729261,0.0080921751,30.0
653,475.0,1.0,3191698,0.011990486570000002,30.0
654,475.0,3.0,1063900,0.0359714597,30.0
655,475.0,10.0,319171,0.11990475295,30.0
656,475.0,30.0,106391,0.35971425886,30.0
657,475.0,100.0,76541,0.5,30.0
658,475.0,300.0,76541,0.5,30.0
659,475.0,1000.0,76541,0.5,30.0
660,475.0,3000.0,76541,0.5,30.0
661,500.0,1e-06,4229980,0.00904732624,30.0
662,500.0,3e-06,4229980,0.00904732624,30.0
663,500.0,1e-05,4229980,0.00904732624,30.0
664,500.0,3e-05,4229980,0.00904732624,30.0
665,500.0,0.0001,4229980,0.00904732624,30.0
666,500.0,0.0003,4229980,0.00904732624,30.0
667,500.0,0.001,4229980,0.00904732624,30.0
668,500.0,0.003,4229980,0.00904732624,30.0
669,500.0,0.01,4229980,0.00904732624,30.0
670,500.0,0.03,4229980,0.00904732624,30.0
671,500.0,0.1,4229980,0.00904732624,30.0
672,500.0,0.3,4229980,0.00904732624,30.0
673,500.0,1.0,3731288,0.01025651471,30.0
674,500.0,3.0,1243763,0.030769552369999998,30.0
675,500.0,10.0,373130,0.10256506463,30.0
676,500.0,30.0,124377,0.30769601852,30.0
677,500.0,100.0,76541,0.5,30.0
678,500.0,300.0,76541,0.5,30.0
679,500.0,1000.0,76541,0.5,30.0
680,500.0,3000.0,76541,0.5,30.0
681,525.0,1e-06,10921760,0.0035040143299999997,30.0
682,525.0,3e-06,10921760,0.0035040143299999997,30.0
683,525.0,1e-05,10921760,0.0035040143299999997,30.0
684,525.0,3e-05,10921760,0.0035040143299999997,30.0
685,525.0,0.0001,10921760,0.0035040143299999997,30.0
686,525.0,0.0003,10921760,0.0035040143299999997,30.0
687,525.0,0.001,10921760,0.0035040143299999997,30.0
688,525.0,0.003,10921760,0.0035040143299999997,30.0
689,525.0,0.01,10921760,0.0035040143299999997,30.0
690,525.0,0.03,10921760,0.0035040143299999997,30.0
691,525.0,0.1,9888321,0.00387022265,30.0
692,525.0,0.3,6549067,0.005843581360000001,30.0
693,525.0,1.0,3944477,0.0097021759,30.0
694,525.0,3.0,2527897,0.015139072180000001,30.0
695,525.0,10.0,1495524,0.025589710090000002,30.0
696,525.0,30.0,533214,0.07177244366,30.0
697,525.0,100.0,159965,0.2392413293,30.0
698,525.0,300.0,76541,0.5,30.0
699,525.0,1000.0,76541,0.5,30.0
700,525.0,3000.0,76541,0.5,30.0
701,550.0,1e-06,10921760,0.0035040143299999997,30.0
702,550.0,3e-06,10921760,0.0035040143299999997,30.0
703,550.0,1e-05,10921760,0.0035040143299999997,30.0
704,550.0,3e-05,10921760,0.0035040143299999997,30.0
705,550.0,0.0001,10921760,0.0035040143299999997,30.0
706,550.0,0.0003,10921760,0.0035040143299999997,30.0
707,550.0,0.001,10921760,0.0035040143299999997,30.0
708,550.0,0.003,10921760,0.0035040143299999997,30.0
709,550.0,0.01,10921760,0.0035040143299999997,30.0
710,550.0,0.03,10921760,0.0035040143299999997,30.0
711,550.0,0.1,9888321,0.00387022265,30.0
712,550.0,0.3,6549067,0.005843581360000001,30.0
713,550.0,1.0,3944477,0.0097021759,30.0
714,550.0,3.0,2527897,0.015139072180000001,30.0
715,550.0,10.0,1495524,0.025589710090000002,30.0
716,550.0,30.0,533214,0.07177244366,30.0
717,550.0,100.0,159965,0.2392413293,30.0
718,550.0,300.0,76541,0.5,30.0
719,550.0,1000.0,76541,0.5,30.0
720,550.0,3000.0,76541,0.5,30.0
721,575.0,1e-06,3944477,0.0097021759,30.0
722,575.0,3e-06,3944477,0.0097021759,30.0
723,575.0,1e-05,3944477,0.0097021759,30.0
724,575.0,3e-05,3944477,0.0097021759,30.0
725,575.0,0.0001,3944477,0.0097021759,30.0
726,575.0,0.0003,3944477,0.0097021759,30.0
727,575.0,0.001,3944477,0.0097021759,30.0
728,575.0,0.003,3944477,0.0097021759,30.0
729,575.0,0.01,3944477,0.0097021759,30.0
730,575.0,0.03,3944477,0.0097021759,30.0
731,575.0,0.1,3944477,0.0097021759,30.0
732,575.0,0.3,3944477,0.0097021759,30.0
733,575.0,1.0,3944477,0.0097021759,30.0
734,575.0,3.0,1371596,0.02790182233,30.0
735,575.0,10.0,411479,0.09300618744999999,30.0
736,575.0,30.0,137160,0.27901924044,30.0
737,575.0,100.0,76541,0.5,30.0
738,575.0,300.0,76541,0.5,30.0
739,575.0,1000.0,76541,0.5,30.0
740,575.0,3000.0,76541,0.5,30.0
741,600.0,1e-06,10921760,0.0035040143299999997,30.0
742,600.0,3e-06,10921760,0.0035040143299999997,30.0
743,600.0,1e-05,10921760,0.0035040143299999997,30.0
744,600.0,3e-05,10921760,0.0035040143299999997,30.0
745,600.0,0.0001,10921760,0.0035040143299999997,30.0
746,600.0,0.0003,10921760,0.0035040143299999997,30.0
747,600.0,0.001,10921760,0.0035040143299999997,30.0
748,600.0,0.003,10921760,0.0035040143299999997,30.0
749,600.0,0.01,10921760,0.0035040143299999997,30.0
750,600.0,0.03,10921760,0.0035040143299999997,30.0
751,600.0,0.1,9888321,0.00387022265,30.0
752,600.0,0.3,6549067,0.005843581360000001,30.0
753,600.0,1.0,3944477,0.0097021759,30.0
754,600.0,3.0,2527897,0.015139072180000001,30.0
755,600.0,10.0,1495524,0.025589710090000002,30.0
756,600.0,30.0,533214,0.07177244366,30.0
757,600.0,100.0,159965,0.2392413293,30.0
758,600.0,300.0,76541,0.5,30.0
759,600.0,1000.0,76541,0.5,30.0
760,600.0,3000.0,76541,0.5,30.0
761,650.0,1e-06,3709938,0.010315539050000001,30.0
762,650.0,3e-06,3709938,0.010315539050000001,30.0
763,650.0,1e-05,3709938,0.010315539050000001,30.0
764,650.0,3e-05,3709938,0.010315539050000001,30.0
765,650.0,0.0001,3709938,0.010315539050000001,30.0
766,650.0,0.0003,3709938,0.010315539050000001,30.0
767,650.0,0.001,3709938,0.010315539050000001,30.0
768,650.0,0.003,3709938,0.010315539050000001,30.0
769,650.0,0.01,3709938,0.010315539050000001,30.0
770,650.0,0.03,3709938,0.010315539050000001,30.0
771,650.0,0.1,3709938,0.010315539050000001,30.0
772,650.0,0.3,3709938,0.010315539050000001,30.0
773,650.0,1.0,3709938,0.010315539050000001,30.0
774,650.0,3.0,1494507,0.02560712369,30.0
775,650.0,10.0,448353,0.0853570409,30.0
776,650.0,30.0,149452,0.25607055155,30.0
777,650.0,100.0,76541,0.5,30.0
778,650.0,300.0,76541,0.5,30.0
779,650.0,1000.0,76541,0.5,30.0
780,650.0,3000.0,76541,0.5,30.0
781,700.0,1e-06,10921760,0.0035040143299999997,30.0
782,700.0,3e-06,10921760,0.0035040143299999997,30.0
783,700.0,1e-05,10921760,0.0035040143299999997,30.0
784,700.0,3e-05,10921760,0.0035040143299999997,30.0
785,700.0,0.0001,10921760,0.0035040143299999997,30.0
786,700.0,0.0003,10921760,0.0035040143299999997,30.0
787,700.0,0.001,10921760,0.0035040143299999997,30.0
788,700.0,0.003,10921760,0.0035040143299999997,30.0
789,700.0,0.01,10921760,0.0035040143299999997,30.0
790,700.0,0.03,10921760,0.0035040143299999997,30.0
791,700.0,0.1,9888321,0.00387022265,30.0
792,700.0,0.3,6549067,0.005843581360000001,30.0
793,700.0,1.0,3944477,0.0097021759,30.0
794,700.0,3.0,2527897,0.015139072180000001,30.0
795,700.0,10.0,1495524,0.025589710090000002,30.0
796,700.0,30.0,533214,0.07177244366,30.0
797,700.0,100.0,159965,0.2392413293,30.0
798,700.0,300.0,76541,0.5,30.0
799,700.0,1000.0,76541,0.5,30.0
800,700.0,3000.0,76541,0.5,30.0
801,750.0,1e-06,10921760,0.0035040143299999997,30.0
802,750.0,3e-06,10921760,0.0035040143299999997,30.0
803,750.0,1e-05,10921760,0.0035040143299999997,30.0
804,750.0,3e-05,10921760,0.0035040143299999997,30.0
805,750.0,0.0001,10921760,0.0035040143299999997,30.0
806,750.0,0.0003,10921760,0.0035040143299999997,30.0
807,750.0,0.001,10921760,0.0035040143299999997,30.0
808,750.0,0.003,10921760,0.0035040143299999997,30.0
809,750.0,0.01,10921760,0.0035040143299999997,30.0
810,750.0,0.03,10921760,0.0035040143299999997,30.0
811,750.0,0.1,9888321,0.00387022265,30.0
812,750.0,0.3,6549067,0.005843581360000001,30.0
813,750.0,1.0,3944477,0.0097021759,30.0
814,750.0,3.0,2527897,0.015139072180000001,30.0
815,750.0,10.0,1495524,0.025589710090000002,30.0
816,750.0,30.0,533214,0.07177244366,30.0
817,750.0,100.0,159965,0.2392413293,30.0
818,750.0,300.0,76541,0.5,30.0
819,750.0,1000.0,76541,0.5,30.0
820,750.0,3000.0,76541,0.5,30.0
821,800.0,1e-06,3344093,0.01144406314,30.0
822,800.0,3e-06,3344093,0.01144406314,30.0
823,800.0,1e-05,3344093,0.01144406314,30.0
824,800.0,3e-05,3344093,0.01144406314,30.0
825,800.0,0.0001,3344093,0.01144406314,30.0
826,800.0,0.0003,3344093,0.01144406314,30.0
827,800.0,0.001,3344093,0.01144406314,30.0
828,800.0,0.003,3344093,0.01144406314,30.0
829,800.0,0.01,3344093,0.01144406314,30.0
830,800.0,0.03,3344093,0.01144406314,30.0
831,800.0,0.1,3344093,0.01144406314,30.0
832,800.0,0.3,3344093,0.01144406314,30.0
833,800.0,1.0,3344093,0.01144406314,30.0
834,800.0,3.0,1728310,0.02214303114,30.0
835,800.0,10.0,518494,0.07381006107999999,30.0
836,800.0,30.0,172832,0.22143018324000002,30.0
837,800.0,100.0,76541,0.5,30.0
838,800.0,300.0,76541,0.5,30.0
839,800.0,1000.0,76541,0.5,30.0
840,800.0,3000.0,76541,0.5,30.0
841,850.0,1e-06,10921760,0.0035040143299999997,30.0
842,850.0,3e-06,10921760,0.0035040143299999997,30.0
843,850.0,1e-05,10921760,0.0035040143299999997,30.0
844,850.0,3e-05,10921760,0.0035040143299999997,30.0
845,850.0,0.0001,10921760,0.0035040143299999997,30.0
846,850.0,0.0003,10921760,0.0035040143299999997,30.0
847,850.0,0.001,10921760,0.0035040143299999997,30.0
848,850.0,0.003,10921760,0.0035040143299999997,30.0
849,850.0,0.01,10921760,0.0035040143299999997,30.0
850,850.0,0.03,10921760,0.0035040143299999997,30.0
851,850.0,0.1,9888321,0.00387022265,30.0
852,850.0,0.3,6549067,0.005843581360000001,30.0
853,850.0,1.0,3944477,0.0097021759,30.0
854,850.0,3.0,2527897,0.015139072180000001,30.0
855,850.0,10.0,1495524,0.025589710090000002,30.0
856,850.0,30.0,533214,0.07177244366,30.0
857,850.0,100.0,159965,0.2392413293,30.0
858,850.0,300.0,76541,0.5,30.0
859,850.0,1000.0,76541,0.5,30.0
860,850.0,3000.0,76541,0.5,30.0
861,900.0,1e-06,3152841,0.012138262649999999,30.0
862,900.0,3e-06,3152841,0.012138262649999999,30.0
863,900.0,1e-05,3152841,0.012138262649999999,30.0
864,900.0,3e-05,3152841,0.012138262649999999,30.0
865,900.0,0.0001,3152841,0.012138262649999999,30.0
866,900.0,0.0003,3152841,0.012138262649999999,30.0
867,900.0,0.001,3152841,0.012138262649999999,30.0
868,900.0,0.003,3152841,0.012138262649999999,30.0
869,900.0,0.01,3152841,0.012138262649999999,30.0
870,900.0,0.03,3152841,0.012138262649999999,30.0
871,900.0,0.1,3152841,0.012138262649999999,30.0
872,900.0,0.3,3152841,0.012138262649999999,30.0
873,900.0,1.0,3152841,0.012138262649999999,30.0
874,900.0,3.0,1876845,0.020390613180000003,30.0
875,900.0,10.0,563054,0.06796873474,30.0
876,900.0,30.0,187685,0.20390656635999999,30.0
877,900.0,100.0,76541,0.5,30.0
878,900.0,300.0,76541,0.5,30.0
879,900.0,1000.0,76541,0.5,30.0
880,900.0,3000.0,76541,0.5,30.0
881,950.0,1e-06,10921760,0.0035040143299999997,30.0
882,950.0,3e-06,10921760,0.0035040143299999997,30.0
883,950.0,1e-05,10921760,0.0035040143299999997,30.0
884,950.0,3e-05,10921760,0.0035040143299999997,30.0
885,950.0,0.0001,10921760,0.0035040143299999997,30.0
886,950.0,0.0003,10921760,0.0035040143299999997,30.0
887,950.0,0.001,10921760,0.0035040143299999997,30.0
888,950.0,0.003,10921760,0.0035040143299999997,30.0
889,950.0,0.01,10921760,0.0035040143299999997,30.0
890,950.0,0.03,10921760,0.0035040143299999997,30.0
891,950.0,0.1,9888321,0.00387022265,30.0
892,950.0,0.3,6549067,0.005843581360000001,30.0
893,950.0,1.0,3944477,0.0097021759,30.0
894,950.0,3.0,2527897,0.015139072180000001,30.0
895,950.0,10.0,1495524,0.025589710090000002,30.0
896,950.0,30.0,533214,0.07177244366,30.0
897,950.0,100.0,159965,0.2392413293,30.0
898,950.0,300.0,76541,0.5,30.0
899,950.0,1000.0,76541,0.5,30.0
900,950.0,3000.0,76541,0.5,30.0
901,1000.0,1e-06,2991048,0.012794850770000001,30.0
902,1000.0,3e-06,2991048,0.012794850770000001,30.0
903,1000.0,1e-05,2991048,0.012794850770000001,30.0
904,1000.0,3e-05,2991048,0.012794850770000001,30.0
905,1000.0,0.0001,2991048,0.012794850770000001,30.0
906,1000.0,0.0003,2991048,0.012794850770000001,30.0
907,1000.0,0.001,2991048,0.012794850770000001,30.0
908,1000.0,0.003,2991048,0.012794850770000001,30.0
909,1000.0,0.01,2991048,0.012794850770000001,30.0
910,1000.0,0.03,2991048,0.012794850770000001,30.0
911,1000.0,0.1,2991048,0.012794850770000001,30.0
912,1000.0,0.3,2991048,0.012794850770000001,30.0
913,1000.0,1.0,2991048,0.012794850770000001,30.0
914,1000.0,3.0,2020499,0.01894087497,30.0
915,1000.0,10.0,606150,0.06313629157,30.0
916,1000.0,30.0,202051,0.18940856224,30.0
917,1000.0,100.0,76541,0.5,30.0
918,1000.0,300.0,76541,0.5,30.0
919,1000.0,1000.0,76541,0.5,30.0
920,1000.0,3000.0,76541,0.5,30.0
921,1100.0,1e-06,2851852,0.01341935466,30.0
922,1100.0,3e-06,2851852,0.01341935466,30.0
923,1100.0,1e-05,2851852,0.01341935466,30.0
924,1100.0,3e-05,2851852,0.01341935466,30.0
925,1100.0,0.0001,2851852,0.01341935466,30.0
926,1100.0,0.0003,2851852,0.01341935466,30.0
927,1100.0,0.001,2851852,0.01341935466,30.0
928,1100.0,0.003,2851852,0.01341935466,30.0
929,1100.0,0.01,2851852,0.01341935466,30.0
930,1100.0,0.03,2851852,0.01341935466,30.0
931,1100.0,0.1,2851852,0.01341935466,30.0
932,1100.0,0.3,2851852,0.01341935466,30.0
933,1100.0,1.0,2851852,0.01341935466,30.0
934,1100.0,3.0,2159899,0.017718429299999998,30.0
935,1100.0,10.0,647970,0.05906146745,30.0
936,1100.0,30.0,215991,0.17718412889000001,30.0
937,1100.0,100.0,76541,0.5,30.0
938,1100.0,300.0,76541,0.5,30.0
939,1100.0,1000.0,76541,0.5,30.0
940,1100.0,3000.0,76541,0.5,30.0
941,1200.0,1e-06,2730441,0.014016056019999999,30.0
942,1200.0,3e-06,2730441,0.014016056019999999,30.0
943,1200.0,1e-05,2730441,0.014016056019999999,30.0
944,1200.0,3e-05,2730441,0.014016056019999999,30.0
945,1200.0,0.0001,2730441,0.014016056019999999,30.0
946,1200.0,0.0003,2730441,0.014016056019999999,30.0
947,1200.0,0.001,2730441,0.014016056019999999,30.0
948,1200.0,0.003,2730441,0.014016056019999999,30.0
949,1200.0,0.01,2730441,0.014016056019999999,30.0
950,1200.0,0.03,2730441,0.014016056019999999,30.0
951,1200.0,0.1,2730441,0.014016056019999999,30.0
952,1200.0,0.3,2730441,0.014016056019999999,30.0
953,1200.0,1.0,2730441,0.014016056019999999,30.0
954,1200.0,3.0,2295543,0.01667144404,30.0
955,1200.0,10.0,688664,0.055571447860000005,30.0
956,1200.0,30.0,229555,0.16671458567,30.0
957,1200.0,100.0,76541,0.5,30.0
958,1200.0,300.0,76541,0.5,30.0
959,1200.0,1000.0,76541,0.5,30.0
960,1200.0,3000.0,76541,0.5,30.0
961,1300.0,1e-06,2623323,0.014588373059999998,30.0
962,1300.0,3e-06,2623323,0.014588373059999998,30.0
963,1300.0,1e-05,2623323,0.014588373059999998,30.0
964,1300.0,3e-05,2623323,0.014588373059999998,30.0
965,1300.0,0.0001,2623323,0.014588373059999998,30.0
966,1300.0,0.0003,2623323,0.014588373059999998,30.0
967,1300.0,0.001,2623323,0.014588373059999998,30.0
968,1300.0,0.003,2623323,0.014588373059999998,30.0
969,1300.0,0.01,2623323,0.014588373059999998,30.0
970,1300.0,0.03,2623323,0.014588373059999998,30.0
971,1300.0,0.1,2623323,0.014588373059999998,30.0
972,1300.0,0.3,2623323,0.014588373059999998,30.0
973,1300.0,1.0,2623323,0.014588373059999998,30.0
974,1300.0,3.0,2427833,0.01576303467,30.0
975,1300.0,10.0,728351,0.05254342006,30.0
976,1300.0,30.0,242784,0.1576304766,30.0
977,1300.0,100.0,76541,0.5,30.0
978,1300.0,300.0,76541,0.5,30.0
979,1300.0,1000.0,76541,0.5,30.0
980,1300.0,3000.0,76541,0.5,30.0
981,1400.0,1e-06,2527897,0.015139072180000001,30.0
982,1400.0,3e-06,2527897,0.015139072180000001,30.0
983,1400.0,1e-05,2527897,0.015139072180000001,30.0
984,1400.0,3e-05,2527897,0.015139072180000001,30.0
985,1400.0,0.0001,2527897,0.015139072180000001,30.0
986,1400.0,0.0003,2527897,0.015139072180000001,30.0
987,1400.0,0.001,2527897,0.015139072180000001,30.0
988,1400.0,0.003,2527897,0.015139072180000001,30.0
989,1400.0,0.01,2527897,0.015139072180000001,30.0
990,1400.0,0.03,2527897,0.015139072180000001,30.0
991,1400.0,0.1,2527897,0.015139072180000001,30.0
992,1400.0,0.3,2527897,0.015139072180000001,30.0
993,1400.0,1.0,2527897,0.015139072180000001,30.0
994,1400.0,3.0,2527897,0.015139072180000001,30.0
995,1400.0,10.0,767131,0.04988724206,30.0
996,1400.0,30.0,255711,0.14966172617,30.0
997,1400.0,100.0,76714,0.49887242058,30.0
998,1400.0,300.0,76541,0.5,30.0
999,1400.0,1000.0,76541,0.5,30.0
1000,1400.0,3000.0,76541,0.5,30.0
1001,1500.0,1e-06,2442181,0.0156704256,30.0
1002,1500.0,3e-06,2442181,0.0156704256,30.0
1003,1500.0,1e-05,2442181,0.0156704256,30.0
1004,1500.0,3e-05,2442181,0.0156704256,30.0
1005,1500.0,0.0001,2442181,0.0156704256,30.0
1006,1500.0,0.0003,2442181,0.0156704256,30.0
1007,1500.0,0.001,2442181,0.0156704256,30.0
1008,1500.0,0.003,2442181,0.0156704256,30.0
1009,1500.0,0.01,2442181,0.0156704256,30.0
1010,1500.0,0.03,2442181,0.0156704256,30.0
1011,1500.0,0.1,2442181,0.0156704256,30.0
1012,1500.0,0.3,2442181,0.0156704256,30.0
1013,1500.0,1.0,2442181,0.0156704256,30.0
1014,1500.0,3.0,2442181,0.0156704256,30.0
1015,1500.0,10.0,805089,0.04753517628000001,30.0
1016,1500.0,30.0,268364,0.14260535171,30.0
1017,1500.0,100.0,80510,0.47535058192,30.0
1018,1500.0,300.0,76541,0.5,30.0
1019,1500.0,1000.0,76541,0.5,30.0
1020,1500.0,3000.0,76541,0.5,30.0
1021,1600.0,1e-06,2364631,0.016184350190000002,30.0
1022,1600.0,3e-06,2364631,0.016184350190000002,30.0
1023,1600.0,1e-05,2364631,0.016184350190000002,30.0
1024,1600.0,3e-05,2364631,0.016184350190000002,30.0
1025,1600.0,0.0001,2364631,0.016184350190000002,30.0
1026,1600.0,0.0003,2364631,0.016184350190000002,30.0
1027,1600.0,0.001,2364631,0.016184350190000002,30.0
1028,1600.0,0.003,2364631,0.016184350190000002,30.0
1029,1600.0,0.01,2364631,0.016184350190000002,30.0
1030,1600.0,0.03,2364631,0.016184350190000002,30.0
1031,1600.0,0.1,2364631,0.016184350190000002,30.0
1032,1600.0,0.3,2364631,0.016184350190000002,30.0
1033,1600.0,1.0,2364631,0.016184350190000002,30.0
1034,1600.0,3.0,2364631,0.016184350190000002,30.0
1035,1600.0,10.0,842295,0.04543544178,30.0
1036,1600.0,30.0,280766,0.13630616352,30.0
1037,1600.0,100.0,84230,0.45435657553000003,30.0
1038,1600.0,300.0,76541,0.5,30.0
1039,1600.0,1000.0,76541,0.5,30.0
1040,1600.0,3000.0,76541,0.5,30.0
1041,1700.0,1e-06,2294029,0.016682446769999998,30.0
1042,1700.0,3e-06,2294029,0.016682446769999998,30.0
1043,1700.0,1e-05,2294029,0.016682446769999998,30.0
1044,1700.0,3e-05,2294029,0.016682446769999998,30.0
1045,1700.0,0.0001,2294029,0.016682446769999998,30.0
1046,1700.0,0.0003,2294029,0.016682446769999998,30.0
1047,1700.0,0.001,2294029,0.016682446769999998,30.0
1048,1700.0,0.003,2294029,0.016682446769999998,30.0
1049,1700.0,0.01,2294029,0.016682446769999998,30.0
1050,1700.0,0.03,2294029,0.016682446769999998,30.0
1051,1700.0,0.1,2294029,0.016682446769999998,30.0
1052,1700.0,0.3,2294029,0.016682446769999998,30.0
1053,1700.0,1.0,2294029,0.016682446769999998,30.0
1054,1700.0,3.0,2294029,0.016682446769999998,30.0
1055,1700.0,10.0,878809,0.0435476236,30.0
1056,1700.0,30.0,292937,0.1306428708,30.0
1057,1700.0,100.0,87882,0.43547524493,30.0
1058,1700.0,300.0,76541,0.5,30.0
1059,1700.0,1000.0,76541,0.5,30.0
1060,1700.0,3000.0,76541,0.5,30.0
1061,1800.0,1e-06,2229396,0.01716609215,30.0
1062,1800.0,3e-06,2229396,0.01716609215,30.0
1063,1800.0,1e-05,2229396,0.01716609215,30.0
1064,1800.0,3e-05,2229396,0.01716609215,30.0
1065,1800.0,0.0001,2229396,0.01716609215,30.0
1066,1800.0,0.0003,2229396,0.01716609215,30.0
1067,1800.0,0.001,2229396,0.01716609215,30.0
1068,1800.0,0.003,2229396,0.01716609215,30.0
1069,1800.0,0.01,2229396,0.01716609215,30.0
1070,1800.0,0.03,2229396,0.01716609215,30.0
1071,1800.0,0.1,2229396,0.01716609215,30.0
1072,1800.0,0.3,2229396,0.01716609215,30.0
1073,1800.0,1.0,2229396,0.01716609215,30.0
1074,1800.0,3.0,2229396,0.01716609215,30.0
1075,1800.0,10.0,914684,0.04183963187,30.0
1076,1800.0,30.0,304895,0.12551903284000002,30.0
1077,1800.0,100.0,91469,0.418397691,30.0
1078,1800.0,300.0,76541,0.5,30.0
1079,1800.0,1000.0,76541,0.5,30.0
1080,1800.0,3000.0,76541,0.5,30.0
1081,1900.0,1e-06,2169934,0.01763648924,30.0
1082,1900.0,3e-06,2169934,0.01763648924,30.0
1083,1900.0,1e-05,2169934,0.01763648924,30.0
1084,1900.0,3e-05,2169934,0.01763648924,30.0
1085,1900.0,0.0001,2169934,0.01763648924,30.0
1086,1900.0,0.0003,2169934,0.01763648924,30.0
1087,1900.0,0.001,2169934,0.01763648924,30.0
1088,1900.0,0.003,2169934,0.01763648924,30.0
1089,1900.0,0.01,2169934,0.01763648924,30.0
1090,1900.0,0.03,2169934,0.01763648924,30.0
1091,1900.0,0.1,2169934,0.01763648924,30.0
1092,1900.0,0.3,2169934,0.01763648924,30.0
1093,1900.0,1.0,2169934,0.01763648924,30.0
1094,1900.0,3.0,2169934,0.01763648924,30.0
1095,1900.0,10.0,949965,0.04028573714,30.0
1096,1900.0,30.0,316656,0.12085708420999998,30.0
1097,1900.0,100.0,94997,0.40285906774999997,30.0
1098,1900.0,300.0,76541,0.5,30.0
1099,1900.0,1000.0,76541,0.5,30.0
1100,1900.0,3000.0,76541,0.5,30.0
1101,2000.0,1e-06,2114991,0.0180946482,30.0
1102,2000.0,3e-06,2114991,0.0180946482,30.0
1103,2000.0,1e-05,2114991,0.0180946482,30.0
1104,2000.0,3e-05,2114991,0.0180946482,30.0
1105,2000.0,0.0001,2114991,0.0180946482,30.0
1106,2000.0,0.0003,2114991,0.0180946482,30.0
1107,2000.0,0.001,2114991,0.0180946482,30.0
1108,2000.0,0.003,2114991,0.0180946482,30.0
1109,2000.0,0.01,2114991,0.0180946482,30.0
1110,2000.0,0.03,2114991,0.0180946482,30.0
1111,2000.0,0.1,2114991,0.0180946482,30.0
1112,2000.0,0.3,2114991,0.0180946482,30.0
1113,2000.0,1.0,2114991,0.0180946482,30.0
1114,2000.0,3.0,2114991,0.0180946482,30.0
1115,2000.0,10.0,984693,0.03886494457,30.0
1116,2000.0,30.0,328232,0.11659471531,30.0
1117,2000.0,100.0,98470,0.38865023509999996,30.0
1118,2000.0,300.0,76541,0.5,30.0
1119,2000.0,1000.0,76541,0.5,30.0
1120,2000.0,3000.0,76541,0.5,30.0
1121,2100.0,1e-06,10921760,0.0035040143299999997,30.0
1122,2100.0,3e-06,10921760,0.0035040143299999997,30.0
1123,2100.0,1e-05,10921760,0.0035040143299999997,30.0
1124,2100.0,3e-05,10921760,0.0035040143299999997,30.0
1125,2100.0,0.0001,10921760,0.0035040143299999997,30.0
1126,2100.0,0.0003,10921760,0.0035040143299999997,30.0
1127,2100.0,0.001,10921760,0.0035040143299999997,30.0
1128,2100.0,0.003,10921760,0.0035040143299999997,30.0
1129,2100.0,0.01,10921760,0.0035040143299999997,30.0
1130,2100.0,0.03,10921760,0.0035040143299999997,30.0
1131,2100.0,0.1,9888321,0.00387022265,30.0
1132,2100.0,0.3,6549067,0.005843581360000001,30.0
1133,2100.0,1.0,3944477,0.0097021759,30.0
1134,2100.0,3.0,2527897,0.015139072180000001,30.0
1135,2100.0,10.0,1495524,0.025589710090000002,30.0
1136,2100.0,30.0,533214,0.07177244366,30.0
1137,2100.0,100.0,159965,0.2392413293,30.0
1138,2100.0,300.0,76541,0.5,30.0
1139,2100.0,1000.0,76541,0.5,30.0
1140,2100.0,3000.0,76541,0.5,30.0
1141,2200.0,1e-06,10921760,0.0035040143299999997,30.0
1142,2200.0,3e-06,10921760,0.0035040143299999997,30.0
1143,2200.0,1e-05,10921760,0.0035040143299999997,30.0
1144,2200.0,3e-05,10921760,0.0035040143299999997,30.0
1145,2200.0,0.0001,10921760,0.0035040143299999997,30.0
1146,2200.0,0.0003,10921760,0.0035040143299999997,30.0
1147,2200.0,0.001,10921760,0.0035040143299999997,30.0
1148,2200.0,0.003,10921760,0.0035040143299999997,30.0
1149,2200.0,0.01,10921760,0.0035040143299999997,30.0
1150,2200.0,0.03,10921760,0.0035040143299999997,30.0
1151,2200.0,0.1,9888321,0.00387022265,30.0
1152,2200.0,0.3,6549067,0.005843581360000001,30.0
1153,2200.0,1.0,3944477,0.0097021759,30.0
1154,2200.0,3.0,2527897,0.015139072180000001,30.0
1155,2200.0,10.0,1495524,0.025589710090000002,30.0
1156,2200.0,30.0,533214,0.07177244366,30.0
1157,2200.0,100.0,159965,0.2392413293,30.0
1158,2200.0,300.0,76541,0.5,30.0
1159,2200.0,1000.0,76541,0.5,30.0
1160,2200.0,3000.0,76541,0.5,30.0
1161,2300.0,1e-06,1972239,0.019404351809999998,30.0
1162,2300.0,3e-06,1972239,0.019404351809999998,30.0
1163,2300.0,1e-05,1972239,0.019404351809999998,30.0
1164,2300.0,3e-05,1972239,0.019404351809999998,30.0
1165,2300.0,0.0001,1972239,0.019404351809999998,30.0
1166,2300.0,0.0003,1972239,0.019404351809999998,30.0
1167,2300.0,0.001,1972239,0.019404351809999998,30.0
1168,2300.0,0.003,1972239,0.019404351809999998,30.0
1169,2300.0,0.01,1972239,0.019404351809999998,30.0
1170,2300.0,0.03,1972239,0.019404351809999998,30.0
1171,2300.0,0.1,1972239,0.019404351809999998,30.0
1172,2300.0,0.3,1972239,0.019404351809999998,30.0
1173,2300.0,1.0,1972239,0.019404351809999998,30.0
1174,2300.0,3.0,1972239,0.019404351809999998,30.0
1175,2300.0,10.0,1085899,0.03524272077,30.0
1176,2300.0,30.0,361967,0.10572816231000001,30.0
1177,2300.0,100.0,108591,0.35242655861,30.0
1178,2300.0,300.0,76541,0.5,30.0
1179,2300.0,1000.0,76541,0.5,30.0
1180,2300.0,3000.0,76541,0.5,30.0
1181,2400.0,1e-06,10921760,0.0035040143299999997,30.0
1182,2400.0,3e-06,10921760,0.0035040143299999997,30.0
1183,2400.0,1e-05,10921760,0.0035040143299999997,30.0
1184,2400.0,3e-05,10921760,0.0035040143299999997,30.0
1185,2400.0,0.0001,10921760,0.0035040143299999997,30.0
1186,2400.0,0.0003,10921760,0.0035040143299999997,30.0
1187,2400.0,0.001,10921760,0.0035040143299999997,30.0
1188,2400.0,0.003,10921760,0.0035040143299999997,30.0
1189,2400.0,0.01,10921760,0.0035040143299999997,30.0
1190,2400.0,0.03,10921760,0.0035040143299999997,30.0
1191,2400.0,0.1,9888321,0.00387022265,30.0
1192,2400.0,0.3,6549067,0.005843581360000001,30.0
1193,2400.0,1.0,3944477,0.0097021759,30.0
1194,2400.0,3.0,2527897,0.015139072180000001,30.0
1195,2400.0,10.0,1495524,0.025589710090000002,30.0
1196,2400.0,30.0,533214,0.07177244366,30.0
1197,2400.0,100.0,159965,0.2392413293,30.0
1198,2400.0,300.0,76541,0.5,30.0
1199,2400.0,1000.0,76541,0.5,30.0
1200,2400.0,3000.0,76541,0.5,30.0
1201,2500.0,1e-06,10921760,0.0035040143299999997,30.0
1202,2500.0,3e-06,10921760,0.0035040143299999997,30.0
1203,2500.0,1e-05,10921760,0.0035040143299999997,30.0
1204,2500.0,3e-05,10921760,0.0035040143299999997,30.0
1205,2500.0,0.0001,10921760,0.0035040143299999997,30.0
1206,2500.0,0.0003,10921760,0.0035040143299999997,30.0
1207,2500.0,0.001,10921760,0.0035040143299999997,30.0
1208,2500.0,0.003,10921760,0.0035040143299999997,30.0
1209,2500.0,0.01,10921760,0.0035040143299999997,30.0
1210,2500.0,0.03,10921760,0.0035040143299999997,30.0
1211,2500.0,0.1,9888321,0.00387022265,30.0
1212,2500.0,0.3,6549067,0.005843581360000001,30.0
1213,2500.0,1.0,3944477,0.0097021759,30.0
1214,2500.0,3.0,2527897,0.015139072180000001,30.0
1215,2500.0,10.0,1495524,0.025589710090000002,30.0
1216,2500.0,30.0,533214,0.07177244366,30.0
1217,2500.0,100.0,159965,0.2392413293,30.0
1218,2500.0,300.0,76541,0.5,30.0
1219,2500.0,1000.0,76541,0.5,30.0
1220,2500.0,3000.0,76541,0.5,30.0
1221,2600.0,1e-06,1854970,0.02063107254,30.0
1222,2600.0,3e-06,1854970,0.02063107254,30.0
1223,2600.0,1e-05,1854970,0.02063107254,30.0
1224,2600.0,3e-05,1854970,0.02063107254,30.0
1225,2600.0,0.0001,1854970,0.02063107254,30.0
1226,2600.0,0.0003,1854970,0.02063107254,30.0
1227,2600.0,0.001,1854970,0.02063107254,30.0
1228,2600.0,0.003,1854970,0.02063107254,30.0
1229,2600.0,0.01,1854970,0.02063107254,30.0
1230,2600.0,0.03,1854970,0.02063107254,30.0
1231,2600.0,0.1,1854970,0.02063107254,30.0
1232,2600.0,0.3,1854970,0.02063107254,30.0
1233,2600.0,1.0,1854970,0.02063107254,30.0
1234,2600.0,3.0,1854970,0.02063107254,30.0
1235,2600.0,10.0,1183209,0.03234427083,30.0
1236,2600.0,30.0,394404,0.09703273048000001,30.0
1237,2600.0,100.0,118322,0.32344216158000005,30.0
1238,2600.0,300.0,76541,0.5,30.0
1239,2600.0,1000.0,76541,0.5,30.0
1240,2600.0,3000.0,76541,0.5,30.0
1241,2700.0,1e-06,10921760,0.0035040143299999997,30.0
1242,2700.0,3e-06,10921760,0.0035040143299999997,30.0
1243,2700.0,1e-05,10921760,0.0035040143299999997,30.0
1244,2700.0,3e-05,10921760,0.0035040143299999997,30.0
1245,2700.0,0.0001,10921760,0.0035040143299999997,30.0
1246,2700.0,0.0003,10921760,0.0035040143299999997,30.0
1247,2700.0,0.001,10921760,0.0035040143299999997,30.0
1248,2700.0,0.003,10921760,0.0035040143299999997,30.0
1249,2700.0,0.01,10921760,0.0035040143299999997,30.0
1250,2700.0,0.03,10921760,0.0035040143299999997,30.0
1251,2700.0,0.1,9888321,0.00387022265,30.0
1252,2700.0,0.3,6549067,0.005843581360000001,30.0
1253,2700.0,1.0,3944477,0.0097021759,30.0
1254,2700.0,3.0,2527897,0.015139072180000001,30.0
1255,2700.0,10.0,1495524,0.025589710090000002,30.0
1256,2700.0,30.0,533214,0.07177244366,30.0
1257,2700.0,100.0,159965,0.2392413293,30.0
1258,2700.0,300.0,76541,0.5,30.0
1259,2700.0,1000.0,76541,0.5,30.0
1260,2700.0,3000.0,76541,0.5,30.0
1261,2800.0,1e-06,1854970,0.02063107254,30.0
1262,2800.0,3e-06,1854970,0.02063107254,30.0
1263,2800.0,1e-05,1854970,0.02063107254,30.0
1264,2800.0,3e-05,1854970,0.02063107254,30.0
1265,2800.0,0.0001,1854970,0.02063107254,30.0
1266,2800.0,0.0003,1854970,0.02063107254,30.0
1267,2800.0,0.001,1854970,0.02063107254,30.0
1268,2800.0,0.003,1854970,0.02063107254,30.0
1269,2800.0,0.01,1854970,0.02063107254,30.0
1270,2800.0,0.03,1854970,0.02063107254,30.0
1271,2800.0,0.1,1854970,0.02063107254,30.0
1272,2800.0,0.3,1854970,0.02063107254,30.0
1273,2800.0,1.0,1854970,0.02063107254,30.0
1274,2800.0,3.0,1854970,0.02063107254,30.0
1275,2800.0,10.0,1183209,0.03234427083,30.0
1276,2800.0,30.0,394404,0.09703273048000001,30.0
1277,2800.0,100.0,118322,0.32344216158000005,30.0
1278,2800.0,300.0,76541,0.5,30.0
1279,2800.0,1000.0,76541,0.5,30.0
1280,2800.0,3000.0,76541,0.5,30.0
1281,2900.0,1e-06,10921760,0.0035040143299999997,30.0
1282,2900.0,3e-06,10921760,0.0035040143299999997,30.0
1283,2900.0,1e-05,10921760,0.0035040143299999997,30.0
1284,2900.0,3e-05,10921760,0.0035040143299999997,30.0
1285,2900.0,0.0001,10921760,0.0035040143299999997,30.0
1286,2900.0,0.0003,10921760,0.0035040143299999997,30.0
1287,2900.0,0.001,10921760,0.0035040143299999997,30.0
1288,2900.0,0.003,10921760,0.0035040143299999997,30.0
1289,2900.0,0.01,10921760,0.0035040143299999997,30.0
1290,2900.0,0.03,10921760,0.0035040143299999997,30.0
1291,2900.0,0.1,9888321,0.00387022265,30.0
1292,2900.0,0.3,6549067,0.005843581360000001,30.0
1293,2900.0,1.0,3944477,0.0097021759,30.0
1294,2900.0,3.0,2527897,0.015139072180000001,30.0
1295,2900.0,10.0,1495524,0.025589710090000002,30.0
1296,2900.0,30.0,533214,0.07177244366,30.0
1297,2900.0,100.0,159965,0.2392413293,30.0
1298,2900.0,300.0,76541,0.5,30.0
1299,2900.0,1000.0,76541,0.5,30.0
1300,2900.0,3000.0,76541,0.5,30.0
1301,3000.0,1e-06,1726883,0.02216132892,30.0
1302,3000.0,3e-06,1726883,0.02216132892,30.0
1303,3000.0,1e-05,1726883,0.02216132892,30.0
1304,3000.0,3e-05,1726883,0.02216132892,30.0
1305,3000.0,0.0001,1726883,0.02216132892,30.0
1306,3000.0,0.0003,1726883,0.02216132892,30.0
1307,3000.0,0.001,1726883,0.02216132892,30.0
1308,3000.0,0.003,1726883,0.02216132892,30.0
1309,3000.0,0.01,1726883,0.02216132892,30.0
1310,3000.0,0.03,1726883,0.02216132892,30.0
1311,3000.0,0.1,1726883,0.02216132892,30.0
1312,3000.0,0.3,1726883,0.02216132892,30.0
1313,3000.0,1.0,1726883,0.02216132892,30.0
1314,3000.0,3.0,1726883,0.02216132892,30.0
1315,3000.0,10.0,1307871,0.029261318019999996,30.0
1316,3000.0,30.0,435958,0.08778388694,30.0
1317,3000.0,100.0,130788,0.29261318021,30.0
1318,3000.0,300.0,76541,0.5,30.0
1319,3000.0,1000.0,76541,0.5,30.0
1320,3000.0,3000.0,76541,0.5,30.0
1321,3100.0,1e-06,10921760,0.0035040143299999997,30.0
1322,3100.0,3e-06,10921760,0.0035040143299999997,30.0
1323,3100.0,1e-05,10921760,0.0035040143299999997,30.0
1324,3100.0,3e-05,10921760,0.0035040143299999997,30.0
1325,3100.0,0.0001,10921760,0.0035040143299999997,30.0
1326,3100.0,0.0003,10921760,0.0035040143299999997,30.0
1327,3100.0,0.001,10921760,0.0035040143299999997,30.0
1328,3100.0,0.003,10921760,0.0035040143299999997,30.0
1329,3100.0,0.01,10921760,0.0035040143299999997,30.0
1330,3100.0,0.03,10921760,0.0035040143299999997,30.0
1331,3100.0,0.1,9888321,0.00387022265,30.0
1332,3100.0,0.3,6549067,0.005843581360000001,30.0
1333,3100.0,1.0,3944477,0.0097021759,30.0
1334,3100.0,3.0,2527897,0.015139072180000001,30.0
1335,3100.0,10.0,1495524,0.025589710090000002,30.0
1336,3100.0,30.0,533214,0.07177244366,30.0
1337,3100.0,100.0,159965,0.2392413293,30.0
1338,3100.0,300.0,76541,0.5,30.0
1339,3100.0,1000.0,76541,0.5,30.0
1340,3100.0,3000.0,76541,0.5,30.0
1341,3200.0,1e-06,10921760,0.0035040143299999997,30.0
1342,3200.0,3e-06,10921760,0.0035040143299999997,30.0
1343,3200.0,1e-05,10921760,0.0035040143299999997,30.0
1344,3200.0,3e-05,10921760,0.0035040143299999997,30.0
1345,3200.0,0.0001,10921760,0.0035040143299999997,30.0
1346,3200.0,0.0003,10921760,0.0035040143299999997,30.0
1347,3200.0,0.001,10921760,0.0035040143299999997,30.0
1348,3200.0,0.003,10921760,0.0035040143299999997,30.0
1349,3200.0,0.01,10921760,0.0035040143299999997,30.0
1350,3200.0,0.03,10921760,0.0035040143299999997,30.0
1351,3200.0,0.1,9888321,0.00387022265,30.0
1352,3200.0,0.3,6549067,0.005843581360000001,30.0
1353,3200.0,1.0,3944477,0.0097021759,30.0
1354,3200.0,3.0,2527897,0.015139072180000001,30.0
1355,3200.0,10.0,1495524,0.025589710090000002,30.0
1356,3200.0,30.0,533214,0.07177244366,30.0
1357,3200.0,100.0,159965,0.2392413293,30.0
1358,3200.0,300.0,76541,0.5,30.0
1359,3200.0,1000.0,76541,0.5,30.0
1360,3200.0,3000.0,76541,0.5,30.0
1361,3300.0,1e-06,10921760,0.0035040143299999997,30.0
1362,3300.0,3e-06,10921760,0.0035040143299999997,30.0
1363,3300.0,1e-05,10921760,0.0035040143299999997,30.0
1364,3300.0,3e-05,10921760,0.0035040143299999997,30.0
1365,3300.0,0.0001,10921760,0.0035040143299999997,30.0
1366,3300.0,0.0003,10921760,0.0035040143299999997,30.0
1367,3300.0,0.001,10921760,0.0035040143299999997,30.0
1368,3300.0,0.003,10921760,0.0035040143299999997,30.0
1369,3300.0,0.01,10921760,0.0035040143299999997,30.0
1370,3300.0,0.03,10921760,0.0035040143299999997,30.0
1371,3300.0,0.1,9888321,0.00387022265,30.0
1372,3300.0,0.3,6549067,0.005843581360000001,30.0
1373,3300.0,1.0,3944477,0.0097021759,30.0
1374,3300.0,3.0,2527897,0.015139072180000001,30.0
1375,3300.0,10.0,1495524,0.025589710090000002,30.0
1376,3300.0,30.0,533214,0.07177244366,30.0
1377,3300.0,100.0,159965,0.2392413293,30.0
1378,3300.0,300.0,76541,0.5,30.0
1379,3300.0,1000.0,76541,0.5,30.0
1380,3300.0,3000.0,76541,0.5,30.0
1381,3400.0,1e-06,10921760,0.0035040143299999997,30.0
1382,3400.0,3e-06,10921760,0.0035040143299999997,30.0
1383,3400.0,1e-05,10921760,0.0035040143299999997,30.0
1384,3400.0,3e-05,10921760,0.0035040143299999997,30.0
1385,3400.0,0.0001,10921760,0.0035040143299999997,30.0
1386,3400.0,0.0003,10921760,0.0035040143299999997,30.0
1387,3400.0,0.001,10921760,0.0035040143299999997,30.0
1388,3400.0,0.003,10921760,0.0035040143299999997,30.0
1389,3400.0,0.01,10921760,0.0035040143299999997,30.0
1390,3400.0,0.03,10921760,0.0035040143299999997,30.0
1391,3400.0,0.1,9888321,0.00387022265,30.0
1392,3400.0,0.3,6549067,0.005843581360000001,30.0
1393,3400.0,1.0,3944477,0.0097021759,30.0
1394,3400.0,3.0,2527897,0.015139072180000001,30.0
1395,3400.0,10.0,1495524,0.025589710090000002,30.0
1396,3400.0,30.0,533214,0.07177244366,30.0
1397,3400.0,100.0,159965,0.2392413293,30.0
1398,3400.0,300.0,76541,0.5,30.0
1399,3400.0,1000.0,76541,0.5,30.0
1400,3400.0,3000.0,76541,0.5,30.0
1401,3500.0,1e-06,1598783,0.02393697202,30.0
1402,3500.0,3e-06,1598783,0.02393697202,30.0
1403,3500.0,1e-05,1598783,0.02393697202,30.0
1404,3500.0,3e-05,1598783,0.02393697202,30.0
1405,3500.0,0.0001,1598783,0.02393697202,30.0
1406,3500.0,0.0003,1598783,0.02393697202,30.0
1407,3500.0,0.001,1598783,0.02393697202,30.0
1408,3500.0,0.003,1598783,0.02393697202,30.0
1409,3500.0,0.01,1598783,0.02393697202,30.0
1410,3500.0,0.03,1598783,0.02393697202,30.0
1411,3500.0,0.1,1598783,0.02393697202,30.0
1412,3500.0,0.3,1598783,0.02393697202,30.0
1413,3500.0,1.0,1598783,0.02393697202,30.0
1414,3500.0,3.0,1598783,0.02393697202,30.0
1415,3500.0,10.0,1456893,0.026268247749999998,30.0
1416,3500.0,30.0,485632,0.07880468916,30.0
1417,3500.0,100.0,145690,0.2626828381,30.0
1418,3500.0,300.0,76541,0.5,30.0
1419,3500.0,1000.0,76541,0.5,30.0
1420,3500.0,3000.0,76541,0.5,30.0
1421,3750.0,1e-06,1598783,0.02393697202,30.0
1422,3750.0,3e-06,1598783,0.02393697202,30.0
1423,3750.0,1e-05,1598783,0.02393697202,30.0
1424,3750.0,3e-05,1598783,0.02393697202,30.0
1425,3750.0,0.0001,1598783,0.02393697202,30.0
1426,3750.0,0.0003,1598783,0.02393697202,30.0
1427,3750.0,0.001,1598783,0.02393697202,30.0
1428,3750.0,0.003,1598783,0.02393697202,30.0
1429,3750.0,0.01,1598783,0.02393697202,30.0
1430,3750.0,0.03,1598783,0.02393697202,30.0
1431,3750.0,0.1,1598783,0.02393697202,30.0
1432,3750.0,0.3,1598783,0.02393697202,30.0
1433,3750.0,1.0,1598783,0.02393697202,30.0
1434,3750.0,3.0,1598783,0.02393697202,30.0
1435,3750.0,10.0,1456893,0.026268247749999998,30.0
1436,3750.0,30.0,485632,0.07880468916,30.0
1437,3750.0,100.0,145690,0.2626828381,30.0
1438,3750.0,300.0,76541,0.5,30.0
1439,3750.0,1000.0,76541,0.5,30.0
1440,3750.0,3000.0,76541,0.5,30.0
1441,4000.0,1e-06,1495524,0.025589710090000002,30.0
1442,4000.0,3e-06,1495524,0.025589710090000002,30.0
1443,4000.0,1e-05,1495524,0.025589710090000002,30.0
1444,4000.0,3e-05,1495524,0.025589710090000002,30.0
1445,4000.0,0.0001,1495524,0.025589710090000002,30.0
1446,4000.0,0.0003,1495524,0.025589710090000002,30.0
1447,4000.0,0.001,1495524,0.025589710090000002,30.0
1448,4000.0,0.003,1495524,0.025589710090000002,30.0
1449,4000.0,0.01,1495524,0.025589710090000002,30.0
1450,4000.0,0.03,1495524,0.025589710090000002,30.0
1451,4000.0,0.1,1495524,0.025589710090000002,30.0
1452,4000.0,0.3,1495524,0.025589710090000002,30.0
1453,4000.0,1.0,1495524,0.025589710090000002,30.0
1454,4000.0,3.0,1495524,0.025589710090000002,30.0
1455,4000.0,10.0,1495524,0.025589710090000002,30.0
1456,4000.0,30.0,533214,0.07177244366,30.0
1457,4000.0,100.0,159965,0.2392413293,30.0
1458,4000.0,300.0,76541,0.5,30.0
1459,4000.0,1000.0,76541,0.5,30.0
1460,4000.0,3000.0,76541,0.5,30.0
