wavelength,transit_depth,error
1.005012520859401,0.020328026145363325,2.9999999999999997e-05
1.015113064615719,0.020446242446236235,2.9999999999999997e-05
1.0253151205244289,0.020027034325382196,2.9999999999999997e-05
1.0356197087996233,0.02005941093550951,2.9999999999999997e-05
1.046027859908717,0.019940570820495253,2.9999999999999997e-05
1.0565406146754943,0.020025677060794538,2.9999999999999997e-05
1.0671590243841926,0.020055585790848183,2.9999999999999997e-05
1.0778841508846315,0.020175373326613056,2.9999999999999997e-05
1.0887170666983987,0.020418712610986312,2.9999999999999997e-05
1.0996588551261028,0.020713542586229657,2.9999999999999997e-05
1.1107106103557052,0.02091076686317902,2.9999999999999997e-05
1.1218734375719384,0.021152194079874044,2.9999999999999997e-05
1.1331484530668263,0.021185646478887172,2.9999999999999997e-05
1.1445367843513146,0.02109406392122431,2.9999999999999997e-05
1.1560395702680215,0.021224261771377963,2.9999999999999997e-05
1.167657961105125,0.021252219778723942,2.9999999999999997e-05
1.1793931187113906,0.02117121322765239,2.9999999999999997e-05
1.191246216612358,0.0209862136070669,2.9999999999999997e-05
1.2032184401276953,0.02075082832735961,2.9999999999999997e-05
1.2153109864897307,0.020433348704410697,2.9999999999999997e-05
1.2275250649631777,0.02063818863380416,2.9999999999999997e-05
1.2398618969660617,0.0204695384936239,2.9999999999999997e-05
1.2523227161918644,0.020396517731847093,2.9999999999999997e-05
1.2649087687328917,0.020295353182319953,2.9999999999999997e-05
1.2776213132048866,0.020367759962535516,2.9999999999999997e-05
1.2904616208728898,0.02054319346281733,2.9999999999999997e-05
1.3034309757783689,0.020794635515140724,2.9999999999999997e-05
1.3165306748676215,0.020483371615696494,2.9999999999999997e-05
1.3297620281214737,0.02132074014052565,2.9999999999999997e-05
1.3431263586862767,0.021763909961394316,2.9999999999999997e-05
1.3566250030062241,0.022143651334342714,2.9999999999999997e-05
1.3702593109569967,0.02183752006824743,2.9999999999999997e-05
1.3840306459807514,0.021800387849345324,2.9999999999999997e-05
1.397940385222467,0.02227165730467229,2.9999999999999997e-05
1.411989919667659,0.022290048897349726,2.9999999999999997e-05
1.42618065428148,0.02186054171909152,2.9999999999999997e-05
1.4405140081492172,0.021741645996563204,2.9999999999999997e-05
1.4549914146182013,0.02185016589752391,2.9999999999999997e-05
1.4696143214411443,0.021647525719055812,2.9999999999999997e-05
1.4843841909209141,0.02153257406232645,2.9999999999999997e-05
1.499302500056767,0.021558686898035053,2.9999999999999997e-05
1.5143707406920481,0.02115500820976278,2.9999999999999997e-05
1.5295904196633787,0.02106785599623461,2.9999999999999997e-05
1.5449630589513383,0.021001192736521738,2.9999999999999997e-05
1.5604901958326667,0.02079140481623409,2.9999999999999997e-05
1.5761733830339912,0.020747165489390266,2.9999999999999997e-05
1.5920141888871011,0.020538762131521636,2.9999999999999997e-05
1.608014197485783,0.020370150131207455,2.9999999999999997e-05
1.6241750088442293,0.02059628830132881,2.9999999999999997e-05
1.640498239057044,0.020567334993108845,2.9999999999999997e-05
1.6569855204608508,0.020454518287756417,2.9999999999999997e-05
1.6736385017975295,0.020519553827507704,2.9999999999999997e-05
1.6904588483790914,0.020388448524686586,2.9999999999999997e-05
1.7074482422542117,0.020799866834429068,2.9999999999999997e-05
1.7246083823764355,0.020567021523790665,2.9999999999999997e-05
1.7419409847740754,0.020888433912762117,2.9999999999999997e-05
1.759447782721815,0.0212578648288364,2.9999999999999997e-05
1.7771305269140383,0.021420076687659044,2.9999999999999997e-05
1.7949909856399,0.020975248565900294,2.9999999999999997e-05
1.8130309449601565,0.021892711890396304,2.9999999999999997e-05
1.8312522088857732,0.021797544058476958,2.9999999999999997e-05
1.8496565995583272,0.02195035724873606,2.9999999999999997e-05
1.8682459574322223,0.021836224375295494,2.9999999999999997e-05
1.8870221414587378,0.02154204794956923,2.9999999999999997e-05
1.9059870292719228,0.02183781685469776,2.9999999999999997e-05
1.9251425173763628,0.021916545359855946,2.9999999999999997e-05
1.944490521336831,0.021865050536780624,2.9999999999999997e-05
1.9640329759698474,0.022035374338266446,2.9999999999999997e-05
1.98377183553716,0.021751276917893386,2.9999999999999997e-05
2.003709073941175,0.021738831269057814,2.9999999999999997e-05
2.0238466849223475,0.021977858083982435,2.9999999999999997e-05
2.0441866822585566,0.021532802612818296,2.9999999999999997e-05
2.0647310999664863,0.021277971722577217,2.9999999999999997e-05
2.0854819925050276,0.021265426046664683,2.9999999999999997e-05
2.1064414349807272,0.021189537359346613,2.9999999999999997e-05
2.127611523355298,0.02122550448006531,2.9999999999999997e-05
2.1489943746552203,0.020829120675730717,2.9999999999999997e-05
2.1705921271834425,0.020835811229006677,2.9999999999999997e-05
2.192406940733216,0.020634610707926684,2.9999999999999997e-05
2.2144409968040746,0.020781951847755463,2.9999999999999997e-05
2.236696498819987,0.02092623513283306,2.9999999999999997e-05
2.259175672349701,0.0209565915983964,2.9999999999999997e-05
2.2818807653293036,0.020801592942089962,2.9999999999999997e-05
2.3048140482870125,0.020923794634938583,2.9999999999999997e-05
2.3279778145702346,0.020958766507831354,2.9999999999999997e-05
2.351374380574902,0.021284796182564757,2.9999999999999997e-05
2.375006085977112,0.020811752481786086,2.9999999999999997e-05
2.398875293967098,0.021061202425632544,2.9999999999999997e-05
2.4229843914855502,0.021506701849395998,2.9999999999999997e-05
2.447335789462311,0.021789765484622615,2.9999999999999997e-05
2.471931923057472,0.02204640848050601,2.9999999999999997e-05
2.496775251904888,0.02190384009081929,2.9999999999999997e-05
2.521868260358148,0.02194621821268762,2.9999999999999997e-05
2.5472134577390078,0.021838001039740335,2.9999999999999997e-05
2.572813378588326,0.02224409894992288,2.9999999999999997e-05
2.598670582919522,0.021911913523929263,2.9999999999999997e-05
2.624787656474575,0.02175870885974291,2.9999999999999997e-05
2.6511672109826065,0.022418660460618675,2.9999999999999997e-05
2.67781188442105,0.02281905009635162,2.9999999999999997e-05
2.7047243412794524,0.02255479952583861,2.9999999999999997e-05
2.731907272825927,0.022970444698686573,2.9999999999999997e-05
2.7593633973762812,0.022865365130683935,2.9999999999999997e-05
2.7870954605658507,0.022985257099272852,2.9999999999999997e-05
2.8151062356240635,0.022598194224472304,2.9999999999999997e-05
2.8433985236517687,0.02256540468571559,2.9999999999999997e-05
2.871975153901346,0.02271646102514529,2.9999999999999997e-05
2.900838984059634,0.022469440967369497,2.9999999999999997e-05
2.9299929005337013,0.022497292562408764,2.9999999999999997e-05
2.9594398187394915,0.02204823195820807,2.9999999999999997e-05
2.9891826833933632,0.022137939543954877,2.9999999999999997e-05
3.0192244688065686,0.022051473985607552,2.9999999999999997e-05
3.049568179182683,0.021828043685517298,2.9999999999999997e-05
3.080216848918031,0.022047437205445126,2.9999999999999997e-05
3.111173542905127,0.021976444884054588,2.9999999999999997e-05
3.142441356839167,0.021672223496297178,2.9999999999999997e-05
3.1740234175276,0.021516833386723534,2.9999999999999997e-05
3.2059228832028146,0.02188354719793178,2.9999999999999997e-05
3.238142943837961,0.021229767053296954,2.9999999999999997e-05
3.270686821465952,0.021605106883814926,2.9999999999999997e-05
3.3035577705016714,0.02112228262915566,2.9999999999999997e-05
3.336759078067415,0.02150476584049824,2.9999999999999997e-05
3.370294064321607,0.0209699610562051,2.9999999999999997e-05
3.404166082790819,0.020765468549093676,2.9999999999999997e-05
3.438378520705125,0.021014968293356417,2.9999999999999997e-05
3.472934799336826,0.021104493813005706,2.9999999999999997e-05
3.5078383743425823,0.02064465481253187,2.9999999999999997e-05
3.5430927361089815,0.02124981681568164,2.9999999999999997e-05
3.578701410101579,0.02088328218647688,2.9999999999999997e-05
3.614667957217448,0.02080584797320399,2.9999999999999997e-05
3.6509959741412716,0.02060222029321581,2.9999999999999997e-05
3.6876890937050164,0.0204718911750282,2.9999999999999997e-05
3.724750985251216,0.02067781386202165,2.9999999999999997e-05
3.7621853549999105,0.020610442102456897,2.9999999999999997e-05
3.7999959464192696,0.020314574932533216,2.9999999999999997e-05
3.8381865405999447,0.020454568105094693,2.9999999999999997e-05
3.876760956633179,0.020577474008158222,2.9999999999999997e-05
3.915723051992722,0.020497674886358244,2.9999999999999997e-05
3.955076722920577,0.020710278705746984,2.9999999999999997e-05
3.994825904816633,0.020484347648907712,2.9999999999999997e-05
4.034974572632203,0.020585481475270267,2.9999999999999997e-05
4.0755267412675265,0.0210018963407097,2.9999999999999997e-05
4.11648646597326,0.02114006506336672,2.9999999999999997e-05
4.157857842756007,0.021199727544752647,2.9999999999999997e-05
4.1996450087879245,0.02221827958221951,2.9999999999999997e-05
4.241852142820435,0.023990479790815797,2.9999999999999997e-05
4.284483465602117,0.023516714535404663,2.9999999999999997e-05
4.327543240300773,0.024217404293084853,2.9999999999999997e-05
4.371035772929758,0.023495276709481466,2.9999999999999997e-05
4.414965412778578,0.024240714927887548,2.9999999999999997e-05
4.459336552847826,0.023614076715100765,2.9999999999999997e-05
4.504153630288483,0.023326124757084274,2.9999999999999997e-05
4.549421126845645,0.023210632527026542,2.9999999999999997e-05
4.595143569306688,0.022758405661291514,2.9999999999999997e-05
4.641325529953961,0.02244731524445171,2.9999999999999997e-05
4.687971627022013,0.02188393312053399,2.9999999999999997e-05
4.735086525159423,0.021771844704505692,2.9999999999999997e-05
4.782674935895268,0.021690077345531245,2.9999999999999997e-05
4.830741618110278,0.022384387071061454,2.9999999999999997e-05
4.879291378512731,0.02154538353239187,2.9999999999999997e-05
4.928329072119125,0.021469123701760313,2.9999999999999997e-05
